"date","Nabva","Nabva_1","Nabva_2","rabva","Nabwh","Nabwh_1","rabwh","Nacdu","Nacdu_1","racdu","Nabse","Nabse_1","rabse","Nabbe","Nabbe_1","rabbe","Npoco","Npoco_1","rpoco","Nstga","Nstga_1","rstga","Nactr","Nactr_1","ractr","Nacni","Nacni_1","racni","Nchau","Nchau_1","rchau","Nnaso","Nnaso_1","rnaso","Nladi","Nladi_1","rladi","Nnaun","Nnaun_1","rnaun","Nchfl","Nchfl_1","rchfl","Nthlu","Nthlu_1","rthlu","Nchvi","Nchvi_1","rchvi","Npoba","Npoba_1","rpoba","BRANv","BRANv_1","sst","sst_1","chla","chla_1","chla_SWAIN","chla_SWAIN_1","chla_SWAIN_2","chla_SWAIN_3","sst_OTIS","sst_OTIS_1","sst_OTIS_2","sst_OTIS_3","sst_SWAIN","sst_SWAIN_1","sst_SWAIN_2","sst_SWAIN_3","SL","SL_1","season","month","quarter","year"
2000-01-01,NA,NA,NA,NA,NA,NA,NA,NA,NA,NA,NA,NA,NA,NA,NA,NA,NA,NA,NA,NA,NA,NA,NA,NA,NA,NA,NA,NA,NA,NA,NA,NA,NA,NA,NA,NA,NA,NA,NA,NA,NA,NA,NA,NA,NA,NA,NA,NA,NA,NA,NA,NA,NA,NA,22.48,NA,NA,NA,NA,NA,NA,NA,"24.97925",NA,NA,NA,"26.31980",NA,NA,NA,NA,NA,1,1,1,2000
2000-02-01,NA,NA,NA,NA,NA,NA,NA,NA,NA,NA,NA,NA,NA,NA,NA,NA,NA,NA,NA,NA,NA,NA,NA,NA,NA,NA,NA,NA,NA,NA,NA,NA,NA,NA,NA,NA,NA,NA,NA,NA,NA,NA,NA,NA,NA,NA,NA,NA,NA,NA,NA,NA,NA,NA,21.95,22.48,NA,NA,NA,NA,NA,NA,"25.75817","24.97925",NA,NA,"26.75776","26.31980",NA,NA,NA,NA,1,2,1,2000
2000-03-01,NA,NA,NA,NA,NA,NA,NA,NA,NA,NA,NA,NA,NA,NA,NA,NA,NA,NA,NA,NA,NA,NA,NA,NA,NA,NA,NA,NA,NA,NA,NA,NA,NA,NA,NA,NA,NA,NA,NA,NA,NA,NA,NA,NA,NA,NA,NA,NA,NA,NA,NA,NA,NA,NA,20.47,21.95,NA,NA,NA,NA,NA,NA,"26.40542","25.75817","24.97925",NA,"26.67994","26.75776","26.31980",NA,NA,NA,1,3,1,2000
2000-04-01,NA,NA,NA,NA,NA,NA,NA,NA,NA,NA,NA,NA,NA,NA,NA,NA,NA,NA,NA,NA,NA,NA,NA,NA,NA,NA,NA,NA,NA,NA,NA,NA,NA,NA,NA,NA,NA,NA,NA,NA,NA,NA,NA,NA,NA,NA,NA,NA,NA,NA,NA,NA,NA,NA,22.35,20.47,NA,NA,NA,NA,NA,NA,"25.63892","26.40542","25.75817","24.97925","26.08555","26.67994","26.75776","26.31980",NA,NA,1,4,2,2000
2000-05-01,NA,NA,NA,NA,NA,NA,NA,NA,NA,NA,NA,NA,NA,NA,NA,NA,NA,NA,NA,NA,NA,NA,NA,NA,NA,NA,NA,NA,NA,NA,NA,NA,NA,NA,NA,NA,NA,NA,NA,NA,NA,NA,NA,NA,NA,NA,NA,NA,NA,NA,NA,NA,NA,NA,19.76,22.35,NA,NA,NA,NA,NA,NA,"23.76994","25.63892","26.40542","25.75817","24.87962","26.08555","26.67994","26.75776",NA,NA,1,5,2,2000
2000-06-01,NA,NA,NA,NA,NA,NA,NA,NA,NA,NA,NA,NA,NA,NA,NA,NA,NA,NA,NA,NA,NA,NA,NA,NA,NA,NA,NA,NA,NA,NA,NA,NA,NA,NA,NA,NA,NA,NA,NA,NA,NA,NA,NA,NA,NA,NA,NA,NA,NA,NA,NA,NA,NA,NA,18.43,19.76,NA,NA,NA,NA,NA,NA,"22.42424","23.76994","25.63892","26.40542","23.30688","24.87962","26.08555","26.67994",NA,NA,0,6,2,2000
2000-07-01,NA,NA,NA,NA,NA,NA,NA,NA,NA,NA,NA,NA,NA,NA,NA,NA,NA,NA,NA,NA,NA,NA,NA,NA,NA,NA,NA,NA,NA,NA,NA,NA,NA,NA,NA,NA,NA,NA,NA,NA,NA,NA,NA,NA,NA,NA,NA,NA,NA,NA,NA,NA,NA,NA,17.97,18.43,NA,NA,NA,NA,NA,NA,"21.33437","22.42424","23.76994","25.63892","22.29660","23.30688","24.87962","26.08555",NA,NA,0,7,3,2000
2000-08-01,NA,NA,NA,NA,NA,NA,NA,NA,NA,NA,NA,NA,NA,NA,NA,NA,NA,NA,NA,NA,NA,NA,NA,NA,NA,NA,NA,NA,NA,NA,NA,NA,NA,NA,NA,NA,NA,NA,NA,NA,NA,NA,NA,NA,NA,NA,NA,NA,NA,NA,NA,NA,NA,NA,18.24,17.97,NA,NA,NA,NA,NA,NA,"21.48842","21.33437","22.42424","23.76994","21.68659","22.29660","23.30688","24.87962",NA,NA,0,8,3,2000
2000-09-01,NA,NA,NA,NA,NA,NA,NA,NA,NA,NA,NA,NA,NA,NA,NA,NA,NA,NA,NA,NA,NA,NA,NA,NA,NA,NA,NA,NA,NA,NA,NA,NA,NA,NA,NA,NA,NA,NA,NA,NA,NA,NA,NA,NA,NA,NA,NA,NA,NA,NA,NA,NA,NA,NA,17.81,18.24,NA,NA,NA,NA,NA,NA,"21.38687","21.48842","21.33437","22.42424","21.79586","21.68659","22.29660","23.30688",NA,NA,0,9,3,2000
2000-10-01,NA,NA,NA,NA,NA,NA,NA,NA,NA,NA,NA,NA,NA,NA,NA,NA,NA,NA,NA,NA,NA,NA,NA,NA,NA,NA,NA,NA,NA,NA,NA,NA,NA,NA,NA,NA,NA,NA,NA,NA,NA,NA,NA,NA,NA,NA,NA,NA,NA,NA,NA,NA,NA,NA,18.55,17.81,NA,NA,NA,NA,NA,NA,"22.52455","21.38687","21.48842","21.33437","23.19011","21.79586","21.68659","22.29660",NA,NA,0,10,4,2000
2000-11-01,NA,NA,NA,NA,NA,NA,NA,NA,NA,NA,NA,NA,NA,NA,NA,NA,NA,NA,NA,NA,NA,NA,NA,NA,NA,NA,NA,NA,NA,NA,NA,NA,NA,NA,NA,NA,NA,NA,NA,NA,NA,NA,NA,NA,NA,NA,NA,NA,NA,NA,NA,NA,NA,NA,19.5,18.55,NA,NA,NA,NA,NA,NA,"23.04446","22.52455","21.38687","21.48842","24.04485","23.19011","21.79586","21.68659",NA,NA,0,11,4,2000
2000-12-01,NA,NA,NA,NA,NA,NA,NA,NA,NA,NA,NA,NA,NA,NA,NA,NA,NA,NA,NA,NA,NA,NA,NA,NA,NA,NA,NA,NA,NA,NA,NA,NA,NA,NA,NA,NA,NA,NA,NA,NA,NA,NA,NA,NA,NA,NA,NA,NA,NA,NA,NA,NA,NA,NA,22.53,19.5,NA,NA,NA,NA,NA,NA,"24.90360","23.04446","22.52455","21.38687","25.19139","24.04485","23.19011","21.79586",NA,NA,1,12,4,2000
2001-01-01,NA,NA,NA,NA,NA,NA,NA,NA,NA,NA,NA,NA,NA,NA,NA,NA,NA,NA,NA,NA,NA,NA,NA,NA,NA,NA,NA,NA,NA,NA,NA,NA,NA,NA,NA,NA,NA,NA,NA,NA,NA,NA,NA,NA,NA,NA,NA,NA,NA,NA,NA,NA,-0.20562433,NA,22.51,22.53,NA,NA,NA,NA,NA,NA,"26.02462","24.90360","23.04446","22.52455","26.62437","25.19139","24.04485","23.19011",NA,NA,1,1,1,2001
2001-02-01,NA,NA,NA,NA,NA,NA,NA,NA,NA,NA,NA,NA,NA,NA,NA,NA,NA,NA,NA,NA,NA,NA,NA,NA,NA,NA,NA,NA,NA,NA,NA,NA,NA,NA,NA,NA,NA,NA,NA,NA,NA,NA,NA,NA,NA,NA,NA,NA,NA,NA,NA,NA,-0.09382451,-0.20562433,23.46,22.51,NA,NA,NA,NA,NA,NA,"26.32374","26.02462","24.90360","23.04446","26.74516","26.62437","25.19139","24.04485",NA,NA,1,2,1,2001
2001-03-01,NA,NA,NA,NA,NA,NA,NA,NA,NA,NA,NA,NA,NA,NA,NA,NA,NA,NA,NA,NA,NA,NA,NA,NA,NA,NA,NA,NA,NA,NA,NA,NA,NA,NA,NA,NA,NA,NA,NA,NA,NA,NA,NA,NA,NA,NA,NA,NA,NA,NA,NA,NA,-0.03030723,-0.09382451,22.87,23.46,NA,NA,NA,NA,NA,NA,"27.10818","26.32374","26.02462","24.90360","27.46479","26.74516","26.62437","25.19139",NA,NA,1,3,1,2001
2001-04-01,NA,NA,NA,NA,NA,NA,NA,NA,NA,NA,NA,NA,NA,NA,NA,NA,NA,NA,NA,NA,NA,NA,NA,NA,NA,NA,NA,NA,NA,NA,NA,NA,NA,NA,NA,NA,NA,NA,NA,NA,NA,NA,NA,NA,NA,NA,NA,NA,NA,NA,NA,NA,-0.10623962,-0.03030723,22.35,22.87,NA,NA,NA,NA,NA,NA,"25.81536","27.10818","26.32374","26.02462","25.89104","27.46479","26.74516","26.62437",NA,NA,1,4,2,2001
2001-05-01,NA,NA,NA,NA,NA,NA,NA,NA,NA,NA,NA,NA,NA,NA,NA,NA,NA,NA,NA,NA,NA,NA,NA,NA,NA,NA,NA,NA,NA,NA,NA,NA,NA,NA,NA,NA,NA,NA,NA,NA,NA,NA,NA,NA,NA,NA,NA,NA,NA,NA,NA,NA,-0.03962711,-0.10623962,21.22,22.35,NA,NA,NA,NA,NA,NA,"24.94480","25.81536","27.10818","26.32374","25.53289","25.89104","27.46479","26.74516",NA,NA,1,5,2,2001
2001-06-01,NA,NA,NA,NA,NA,NA,NA,NA,NA,NA,NA,NA,NA,NA,NA,NA,NA,NA,NA,NA,NA,NA,NA,NA,NA,NA,NA,NA,NA,NA,NA,NA,NA,NA,NA,NA,NA,NA,NA,NA,NA,NA,NA,NA,NA,NA,NA,NA,NA,NA,NA,NA,-0.07962983,-0.03962711,20.78,21.22,NA,NA,NA,NA,NA,NA,"23.27753","24.94480","25.81536","27.10818","23.71766","25.53289","25.89104","27.46479",NA,NA,0,6,2,2001
2001-07-01,NA,NA,NA,NA,NA,NA,NA,NA,NA,NA,NA,NA,NA,NA,NA,NA,NA,NA,NA,NA,NA,NA,NA,NA,NA,NA,NA,NA,NA,NA,NA,NA,NA,NA,NA,NA,NA,NA,NA,NA,NA,NA,NA,NA,NA,NA,NA,NA,NA,NA,NA,NA,-0.17620918,-0.07962983,20.1,20.78,NA,NA,NA,NA,NA,NA,"22.09292","23.27753","24.94480","25.81536","22.54729","23.71766","25.53289","25.89104",NA,NA,0,7,3,2001
2001-08-01,NA,NA,NA,NA,NA,NA,NA,NA,NA,NA,NA,NA,NA,NA,NA,NA,NA,NA,NA,NA,NA,NA,NA,NA,NA,NA,NA,NA,NA,NA,NA,NA,NA,NA,NA,NA,NA,NA,NA,NA,NA,NA,NA,NA,NA,NA,NA,NA,NA,NA,NA,NA,-0.12703916,-0.17620918,19.42,20.1,NA,NA,NA,NA,NA,NA,"21.67945","22.09292","23.27753","24.94480","21.90882","22.54729","23.71766","25.53289",NA,NA,0,8,3,2001
2001-09-01,NA,NA,NA,NA,NA,NA,NA,NA,NA,NA,NA,NA,NA,NA,NA,NA,NA,NA,NA,NA,NA,NA,NA,NA,NA,NA,NA,NA,NA,NA,NA,NA,NA,NA,NA,NA,NA,NA,NA,NA,NA,NA,NA,NA,NA,NA,NA,NA,NA,NA,NA,NA,-0.20277202,-0.12703916,18.98,19.42,NA,NA,NA,NA,NA,NA,"21.93350","21.67945","22.09292","23.27753","22.63817","21.90882","22.54729","23.71766",NA,NA,0,9,3,2001
2001-10-01,NA,NA,NA,NA,NA,NA,NA,NA,NA,NA,NA,NA,NA,NA,NA,NA,NA,NA,NA,NA,NA,NA,NA,NA,NA,NA,NA,NA,NA,NA,NA,NA,NA,NA,NA,NA,NA,NA,NA,NA,NA,NA,NA,NA,NA,NA,NA,NA,NA,NA,NA,NA,-0.05005035,-0.20277202,18.97,18.98,NA,NA,NA,NA,NA,NA,"23.03006","21.93350","21.67945","22.09292","23.84873","22.63817","21.90882","22.54729",NA,NA,0,10,4,2001
2001-11-01,NA,NA,NA,NA,NA,NA,NA,NA,NA,NA,NA,NA,NA,NA,NA,NA,NA,NA,NA,NA,NA,NA,NA,NA,NA,NA,NA,NA,NA,NA,NA,NA,NA,NA,NA,NA,NA,NA,NA,NA,NA,NA,NA,NA,NA,NA,NA,NA,NA,NA,NA,NA,-0.09130903,-0.05005035,21.59,18.97,NA,NA,NA,NA,NA,NA,"24.53800","23.03006","21.93350","21.67945","25.60649","23.84873","22.63817","21.90882",NA,NA,0,11,4,2001
2001-12-01,NA,NA,NA,NA,NA,NA,NA,NA,NA,NA,NA,NA,NA,NA,NA,NA,NA,NA,NA,NA,NA,NA,NA,NA,NA,NA,NA,NA,NA,NA,NA,NA,NA,NA,NA,NA,NA,NA,NA,NA,NA,NA,NA,NA,NA,NA,NA,NA,NA,NA,NA,NA,-0.18329886,-0.09130903,24.12,21.59,NA,NA,NA,NA,NA,NA,"26.35042","24.53800","23.03006","21.93350","27.20660","25.60649","23.84873","22.63817",NA,NA,1,12,4,2001
2002-01-01,NA,NA,NA,NA,NA,NA,NA,NA,NA,NA,NA,NA,NA,NA,NA,NA,NA,NA,NA,NA,NA,NA,NA,NA,NA,NA,NA,NA,NA,NA,NA,NA,NA,NA,NA,NA,NA,NA,NA,NA,NA,NA,NA,NA,NA,NA,NA,NA,NA,NA,NA,NA,-0.21191584,-0.18329886,24.2,24.12,NA,NA,NA,NA,NA,NA,"27.83043","26.35042","24.53800","23.03006","28.33824","27.20660","25.60649","23.84873",NA,NA,1,1,1,2002
2002-02-01,NA,NA,NA,NA,NA,NA,NA,NA,NA,NA,NA,NA,NA,NA,NA,NA,NA,NA,NA,NA,NA,NA,NA,NA,NA,NA,NA,NA,NA,NA,NA,NA,NA,NA,NA,NA,NA,NA,NA,NA,NA,NA,NA,NA,NA,NA,NA,NA,NA,NA,NA,NA,-0.20313385,-0.21191584,23.06,24.2,NA,NA,NA,NA,NA,NA,"28.21466","27.83043","26.35042","24.53800","28.62034","28.33824","27.20660","25.60649",NA,NA,1,2,1,2002
2002-03-01,NA,NA,NA,NA,NA,NA,NA,NA,NA,NA,NA,NA,NA,NA,NA,NA,NA,NA,NA,NA,NA,NA,NA,NA,NA,NA,NA,NA,NA,NA,NA,NA,NA,NA,NA,NA,NA,NA,NA,NA,NA,NA,NA,NA,NA,NA,NA,NA,NA,NA,NA,NA,-0.22034363,-0.20313385,23.83,23.06,NA,NA,NA,NA,NA,NA,"27.18699","28.21466","27.83043","26.35042","27.20121","28.62034","28.33824","27.20660",NA,NA,1,3,1,2002
2002-04-01,NA,NA,NA,NA,NA,NA,NA,NA,NA,NA,NA,NA,NA,NA,NA,NA,NA,NA,NA,NA,NA,NA,NA,NA,NA,NA,NA,NA,NA,NA,NA,NA,NA,NA,NA,NA,NA,NA,NA,NA,NA,NA,NA,NA,NA,NA,NA,NA,NA,NA,NA,NA,-0.04434574,-0.22034363,21.5,23.83,NA,NA,NA,NA,NA,NA,"25.83739","27.18699","28.21466","27.83043","26.53881","27.20121","28.62034","28.33824",NA,NA,1,4,2,2002
2002-05-01,NA,NA,NA,NA,NA,NA,NA,NA,NA,NA,NA,NA,NA,NA,NA,NA,NA,NA,NA,NA,NA,NA,NA,NA,NA,NA,NA,NA,NA,NA,NA,NA,NA,NA,NA,NA,NA,NA,NA,NA,NA,NA,NA,NA,NA,NA,NA,NA,NA,NA,NA,NA,0.04320716,-0.04434574,19.97,21.5,NA,NA,NA,NA,NA,NA,"24.36619","25.83739","27.18699","28.21466","24.72035","26.53881","27.20121","28.62034",NA,NA,1,5,2,2002
2002-06-01,NA,NA,NA,NA,NA,NA,NA,NA,NA,NA,NA,NA,NA,NA,NA,NA,NA,NA,NA,NA,NA,NA,NA,NA,NA,NA,NA,NA,NA,NA,NA,NA,NA,NA,NA,NA,NA,NA,NA,NA,NA,NA,NA,NA,NA,NA,NA,NA,NA,NA,NA,NA,-0.0143437,0.04320716,17.62,19.97,NA,NA,NA,NA,NA,NA,"23.13076","24.36619","25.83739","27.18699","23.76392","24.72035","26.53881","27.20121",NA,NA,0,6,2,2002
2002-07-01,NA,NA,NA,NA,NA,NA,NA,NA,NA,NA,NA,NA,NA,NA,NA,NA,NA,NA,NA,NA,NA,NA,NA,NA,NA,NA,NA,NA,NA,NA,NA,NA,NA,NA,NA,NA,NA,NA,NA,NA,NA,NA,NA,NA,NA,NA,NA,NA,NA,NA,NA,NA,-0.10763644,-0.0143437,18.57,17.62,0.2657486,NA,0.8982184,NA,NA,NA,"21.61798","23.13076","24.36619","25.83739","22.35321","23.76392","24.72035","26.53881",NA,NA,0,7,3,2002
2002-08-01,NA,NA,NA,NA,NA,NA,NA,NA,NA,NA,NA,NA,NA,NA,NA,NA,NA,NA,NA,NA,NA,NA,NA,NA,NA,NA,NA,NA,NA,NA,NA,NA,NA,NA,NA,NA,NA,NA,NA,NA,NA,NA,NA,NA,NA,NA,NA,NA,NA,NA,NA,NA,-0.21751481,-0.10763644,18.63,18.57,0.2992187,0.2657486,0.647078,0.8982184,NA,NA,"22.03393","21.61798","23.13076","24.36619","21.79417","22.35321","23.76392","24.72035",NA,NA,0,8,3,2002
2002-09-01,NA,NA,NA,NA,NA,NA,NA,NA,NA,NA,NA,NA,NA,NA,NA,NA,NA,NA,NA,NA,NA,NA,NA,NA,NA,NA,NA,NA,NA,NA,NA,NA,NA,NA,NA,NA,NA,NA,NA,NA,NA,NA,NA,NA,NA,NA,NA,NA,NA,NA,NA,NA,-0.28315309,-0.21751481,18.01,18.63,0.7333718,0.2992187,0.6722672,0.647078,0.8982184,NA,"22.10293","22.03393","21.61798","23.13076","22.41477","21.79417","22.35321","23.76392",NA,NA,0,9,3,2002
2002-10-01,NA,NA,NA,NA,NA,NA,NA,NA,NA,NA,NA,NA,NA,NA,NA,NA,NA,NA,NA,NA,NA,NA,NA,NA,NA,NA,NA,NA,NA,NA,NA,NA,NA,NA,NA,NA,NA,NA,NA,NA,NA,NA,NA,NA,NA,NA,NA,NA,NA,NA,NA,NA,-0.14962286,-0.28315309,17.65,18.01,0.5973175,0.7333718,0.7515976,0.6722672,0.647078,0.8982184,"22.99337","22.10293","22.03393","21.61798","23.73834","22.41477","21.79417","22.35321",NA,NA,0,10,4,2002
2002-11-01,NA,NA,NA,NA,NA,NA,NA,NA,NA,NA,NA,NA,NA,NA,NA,NA,NA,NA,NA,NA,NA,NA,NA,NA,NA,NA,NA,NA,NA,NA,NA,NA,NA,NA,NA,NA,NA,NA,NA,NA,NA,NA,NA,NA,NA,NA,NA,NA,NA,NA,NA,NA,-0.16205329,-0.14962286,19.3,17.65,0.4855053,0.5973175,0.7557391,0.7515976,0.6722672,0.647078,"24.46395","22.99337","22.10293","22.03393","24.87404","23.73834","22.41477","21.79417",NA,NA,0,11,4,2002
2002-12-01,NA,NA,NA,NA,NA,NA,NA,NA,NA,NA,NA,NA,NA,NA,NA,NA,NA,NA,NA,NA,NA,NA,NA,NA,NA,NA,NA,NA,NA,NA,NA,NA,NA,NA,NA,NA,NA,NA,NA,NA,NA,NA,NA,NA,NA,NA,NA,NA,NA,NA,NA,NA,-0.14293227,-0.16205329,20.9,19.3,0.169533,0.4855053,0.7189739,0.7557391,0.7515976,0.6722672,"25.55072","24.46395","22.99337","22.10293","26.27679","24.87404","23.73834","22.41477",NA,NA,1,12,4,2002
2003-01-01,NA,NA,NA,NA,NA,NA,NA,NA,NA,NA,NA,NA,NA,NA,NA,NA,NA,NA,NA,NA,NA,NA,NA,NA,NA,NA,NA,NA,NA,NA,NA,NA,NA,NA,NA,NA,NA,NA,NA,NA,NA,NA,NA,NA,NA,NA,NA,NA,NA,NA,NA,NA,-0.24469976,-0.14293227,21.72,20.9,NA,0.169533,NA,0.7189739,0.7557391,0.7515976,"26.13357","25.55072","24.46395","22.99337","26.84184","26.27679","24.87404","23.73834",0.92,NA,1,1,1,2003
2003-02-01,NA,NA,NA,NA,NA,NA,NA,NA,NA,NA,NA,NA,NA,NA,NA,NA,NA,NA,NA,NA,NA,NA,NA,NA,NA,NA,NA,NA,NA,NA,NA,NA,NA,NA,NA,NA,NA,NA,NA,NA,NA,NA,NA,NA,NA,NA,NA,NA,NA,NA,NA,NA,-0.09821653,-0.24469976,21.71,21.72,0.2981772,NA,0.7382505,NA,0.7189739,0.7557391,"26.53553","26.13357","25.55072","24.46395","27.23637","26.84184","26.27679","24.87404",0.904,0.92,1,2,1,2003
2003-03-01,7.06767,NA,NA,NA,0.1,NA,NA,0.1,NA,NA,0.1,NA,NA,0.1,NA,NA,0.1,NA,NA,0.1,NA,NA,0.1,NA,NA,0.1,NA,NA,0.1,NA,NA,0.1,NA,NA,0.1,NA,NA,0.1,NA,NA,0.1,NA,NA,0.1,NA,NA,0.1,NA,NA,0.1,NA,NA,-0.21312484,-0.09821653,22.37,21.71,0.2697006,0.2981772,1.1697652,0.7382505,NA,0.7189739,"26.49615","26.53553","26.13357","25.55072","26.75137","27.23637","26.84184","26.27679",0.942,0.904,1,3,1,2003
2003-04-01,NA,7.06767,NA,NA,NA,0.1,NA,NA,0.1,NA,NA,0.1,NA,NA,0.1,NA,NA,0.1,NA,NA,0.1,NA,NA,0.1,NA,NA,0.1,NA,NA,0.1,NA,NA,0.1,NA,NA,0.1,NA,NA,0.1,NA,NA,0.1,NA,NA,0.1,NA,NA,0.1,NA,NA,0.1,NA,-0.32691193,-0.21312484,22.2,22.37,0.1897928,0.2697006,1.1322833,1.1697652,0.7382505,NA,"26.08199","26.49615","26.53553","26.13357","26.66917","26.75137","27.23637","26.84184",0.977,0.942,1,4,2,2003
2003-05-01,0.1,NA,7.06767,NA,0.1,NA,NA,0.1,NA,NA,0.1,NA,NA,0.1,NA,NA,0.1,NA,NA,0.1,NA,NA,0.1,NA,NA,0.1,NA,NA,0.1,NA,NA,0.1,NA,NA,0.1,NA,NA,0.1,NA,NA,0.1,NA,NA,0.1,NA,NA,0.1,NA,NA,0.1,NA,NA,-0.20857054,-0.32691193,20.94,22.2,0.3758956,0.1897928,0.9332855,1.1322833,1.1697652,0.7382505,"24.02570","26.08199","26.49615","26.53553","25.04756","26.66917","26.75137","27.23637",1.015,0.977,1,5,2,2003
2003-06-01,0.1,0.1,NA,0,0.1,0.1,0,0.1,0.1,0,0.1,0.1,0,0.1,0.1,0,0.1,0.1,0,0.1,0.1,0,0.1,0.1,0,0.1,0.1,0,0.1,0.1,0,0.1,0.1,0,0.1,0.1,0,0.1,0.1,0,0.1,0.1,0,0.1,0.1,0,0.1,0.1,0,0.1,0.1,0,-0.05954631,-0.20857054,19.27,20.94,0.3409895,0.3758956,0.9722923,0.9332855,1.1322833,1.1697652,"23.40833","24.02570","26.08199","26.49615","23.86660","25.04756","26.66917","26.75137",1.09,1.015,0,6,2,2003
2003-07-01,0.1,0.1,0.1,0,0.1,0.1,0,0.1,0.1,0,0.1,0.1,0,0.1,0.1,0,0.1,0.1,0,0.1,0.1,0,0.1,0.1,0,0.1,0.1,0,0.1,0.1,0,0.1,0.1,0,0.1,0.1,0,0.1,0.1,0,0.1,0.1,0,0.1,0.1,0,0.1,0.1,0,0.1,0.1,0,-0.0789373,-0.05954631,17.76,19.27,0.4739463,0.3409895,1.037504,0.9722923,0.9332855,1.1322833,"22.02016","23.40833","24.02570","26.08199","22.74236","23.86660","25.04756","26.66917",0.943,1.09,0,7,3,2003
2003-08-01,NA,0.1,0.1,NA,NA,0.1,NA,NA,0.1,NA,NA,0.1,NA,NA,0.1,NA,NA,0.1,NA,NA,0.1,NA,NA,0.1,NA,NA,0.1,NA,NA,0.1,NA,NA,0.1,NA,NA,0.1,NA,NA,0.1,NA,NA,0.1,NA,NA,0.1,NA,NA,0.1,NA,NA,0.1,NA,-0.25506431,-0.0789373,17.32,17.76,0.4367835,0.4739463,0.6340417,1.037504,0.9722923,0.9332855,"22.08782","22.02016","23.40833","24.02570","22.11419","22.74236","23.86660","25.04756",0.969,0.943,0,8,3,2003
2003-09-01,NA,NA,0.1,NA,NA,NA,NA,NA,NA,NA,NA,NA,NA,NA,NA,NA,NA,NA,NA,NA,NA,NA,NA,NA,NA,NA,NA,NA,NA,NA,NA,NA,NA,NA,NA,NA,NA,NA,NA,NA,NA,NA,NA,NA,NA,NA,NA,NA,NA,NA,NA,NA,-0.04857138,-0.25506431,17.46,17.32,0.532248,0.4367835,0.7092386,0.6340417,1.037504,0.9722923,"22.19596","22.08782","22.02016","23.40833","22.63110","22.11419","22.74236","23.86660",1.007,0.969,0,9,3,2003
2003-10-01,NA,NA,NA,NA,NA,NA,NA,NA,NA,NA,NA,NA,NA,NA,NA,NA,NA,NA,NA,NA,NA,NA,NA,NA,NA,NA,NA,NA,NA,NA,NA,NA,NA,NA,NA,NA,NA,NA,NA,NA,NA,NA,NA,NA,NA,NA,NA,NA,NA,NA,NA,NA,-0.23393612,-0.04857138,18.44,17.46,0.4145918,0.532248,0.6867576,0.7092386,0.6340417,1.037504,"23.11445","22.19596","22.08782","22.02016","24.15385","22.63110","22.11419","22.74236",0.94,1.007,0,10,4,2003
2003-11-01,NA,NA,NA,NA,NA,NA,NA,NA,NA,NA,NA,NA,NA,NA,NA,NA,NA,NA,NA,NA,NA,NA,NA,NA,NA,NA,NA,NA,NA,NA,NA,NA,NA,NA,NA,NA,NA,NA,NA,NA,NA,NA,NA,NA,NA,NA,NA,NA,NA,NA,NA,NA,-0.22355981,-0.23393612,19.43,18.44,0.2997454,0.4145918,0.82461,0.6867576,0.7092386,0.6340417,"24.40421","23.11445","22.19596","22.08782","25.04934","24.15385","22.63110","22.11419",0.87,0.94,0,11,4,2003
2003-12-01,0.1,NA,NA,NA,0.1,NA,NA,0.1,NA,NA,0.1,NA,NA,0.1,NA,NA,0.1,NA,NA,0.1,NA,NA,0.1,NA,NA,0.1,NA,NA,0.1,NA,NA,0.1,NA,NA,0.1,NA,NA,0.1,NA,NA,0.1,NA,NA,0.1,NA,NA,0.1,NA,NA,0.1,NA,NA,-0.23471081,-0.22355981,21.22,19.43,0.1539033,0.2997454,0.7183721,0.82461,0.6867576,0.7092386,"25.73047","24.40421","23.11445","22.19596","26.27890","25.04934","24.15385","22.63110",0.918,0.87,1,12,4,2003
2004-01-01,0.1,0.1,NA,0,0.1,0.1,0,0.1,0.1,0,0.1,0.1,0,0.1,0.1,0,0.1,0.1,0,0.1,0.1,0,0.1,0.1,0,0.1,0.1,0,0.1,0.1,0,0.1,0.1,0,0.1,0.1,0,0.1,0.1,0,0.1,0.1,0,0.1,0.1,0,0.1,0.1,0,0.1,0.1,0,-0.1508436,-0.23471081,22.24,21.22,0.2773275,0.1539033,0.7610349,0.7183721,0.82461,0.6867576,"26.87959","25.73047","24.40421","23.11445","27.62114","26.27890","25.04934","24.15385",0.963,0.918,1,1,1,2004
2004-02-01,24.7655518,0.1,0.1,5.5120387,0.9361204,0.1,2.2365739,0.1,0.1,0,0.5180602,0.1,1.6449213,0.9361204,0.1,2.23657392,0.1,0.1,0,0.1,0.1,0,0.1,0.1,0,0.1,0.1,0,0.1,0.1,0,0.1,0.1,0,0.1,0.1,0,0.1,0.1,0,0.1,0.1,0,0.1,0.1,0,0.1,0.1,0,0.1,0.1,0,-0.32977241,-0.1508436,23.11,22.24,0.1177501,0.2773275,0.9985509,0.7610349,0.7183721,0.82461,"28.02568","26.87959","25.73047","24.40421","28.45321","27.62114","26.27890","25.04934",0.971,0.963,1,2,1,2004
2004-03-01,0.5180602,24.7655518,0.1,-3.8671175,0.1,0.9361204,-2.2365739,0.1,0.1,0,0.1,0.5180602,-1.6449213,0.1,0.9361204,-2.23657392,0.1,0.1,0,0.1,0.1,0,0.1,0.1,0,0.1,0.1,0,0.1,0.1,0,0.1,0.1,0,0.1,0.1,0,0.1,0.1,0,0.1,0.1,0,0.1,0.1,0,0.1,0.1,0,0.1,0.1,0,-0.19641009,-0.32977241,23.19,23.11,0.1550526,0.1177501,1.0965648,0.9985509,0.7610349,0.7183721,"27.08816","28.02568","26.87959","25.73047","27.89605","28.45321","27.62114","26.27890",0.95,0.971,1,3,1,2004
2004-04-01,0.1,0.5180602,24.7655518,-1.6449213,0.1,0.1,0,0.1,0.1,0,0.1,0.1,0,0.1,0.1,0,0.1,0.1,0,0.1,0.1,0,0.1,0.1,0,0.1,0.1,0,1.2148272,0.1,2.4971869,0.1,0.1,0,0.1,0.1,0,0.1,0.1,0,0.1,0.1,0,0.1,0.1,0,0.1,0.1,0,0.1,0.1,0,-0.07784568,-0.19641009,21.84,23.19,0.2186274,0.1550526,0.9917807,1.0965648,0.9985509,0.7610349,"25.87846","27.08816","28.02568","26.87959","26.18006","27.89605","28.45321","27.62114",0.937,0.95,1,4,2,2004
2004-05-01,0.1,0.1,0.5180602,0,0.1,0.1,0,0.1,0.1,0,0.1,0.1,0,0.1,0.1,0,0.1,0.1,0,0.1,0.1,0,0.1,0.1,0,0.1,0.1,0,0.1,1.2148272,-2.4971869,0.1,0.1,0,0.1,0.1,0,0.1,0.1,0,0.1,0.1,0,0.1,0.1,0,0.1,0.1,0,0.1,0.1,0,0.05118893,-0.07784568,19.92,21.84,0.3780173,0.2186274,0.99728,0.9917807,1.0965648,0.9985509,"24.35213","25.87846","27.08816","28.02568","24.93203","26.18006","27.89605","28.45321",1.078,0.937,1,5,2,2004
2004-06-01,0.1,0.1,0.1,0,0.1,0.1,0,0.1,0.1,0,0.1,0.1,0,0.1,0.1,0,0.1,0.1,0,0.1,0.1,0,0.1,0.1,0,0.1,0.1,0,0.1,0.1,0,0.1,0.1,0,0.1,0.1,0,0.1,0.1,0,0.1,0.1,0,0.1,0.1,0,0.1,0.1,0,0.1,0.1,0,-0.03981492,0.05118893,18.45,19.92,0.354041,0.3780173,0.8777119,0.99728,0.9917807,1.0965648,"22.78483","24.35213","25.87846","27.08816","23.73794","24.93203","26.18006","27.89605",1.002,1.078,0,6,2,2004
2004-07-01,0.1,0.1,0.1,0,0.1,0.1,0,0.1,0.1,0,0.1,0.1,0,0.1,0.1,0,0.1,0.1,0,0.1,0.1,0,0.1,0.1,0,0.1,0.1,0,0.1,0.1,0,0.1,0.1,0,0.1,0.1,0,0.1,0.1,0,0.1,0.1,0,0.1,0.1,0,0.1,0.1,0,0.1,0.1,0,-0.13709854,-0.03981492,17.98,18.45,0.3941314,0.354041,0.7972091,0.8777119,0.99728,0.9917807,"21.67957","22.78483","24.35213","25.87846","22.42859","23.73794","24.93203","26.18006",0.898,1.002,0,7,3,2004
2004-08-01,0.1,0.1,0.1,0,0.1,0.1,0,0.1,0.1,0,0.1,0.1,0,0.1,0.1,0,0.1,0.1,0,0.1,0.1,0,0.1,0.1,0,0.1,0.1,0,0.1,0.1,0,0.1,0.1,0,0.1,0.1,0,0.1,0.1,0,0.1,0.1,0,0.1,0.1,0,0.1,0.1,0,0.1,0.1,0,-0.22744507,-0.13709854,18.27,17.98,0.4621633,0.3941314,0.7377397,0.7972091,0.8777119,0.99728,"21.83011","21.67957","22.78483","24.35213","22.12029","22.42859","23.73794","24.93203",0.961,0.898,0,8,3,2004
2004-09-01,0.1,0.1,0.1,0,0.1,0.1,0,0.1,0.1,0,0.1,0.1,0,0.1,0.1,0,0.1,0.1,0,0.1,0.1,0,0.1,0.1,0,0.1,0.1,0,0.1,0.1,0,0.1,0.1,0,0.1,0.1,0,0.1,0.1,0,0.1,0.1,0,0.1,0.1,0,0.1,0.1,0,0.1,0.1,0,-0.08362071,-0.22744507,18.38,18.27,0.8234547,0.4621633,0.6937547,0.7377397,0.7972091,0.8777119,"21.65659","21.83011","21.67957","22.78483","22.17940","22.12029","22.42859","23.73794",0.886,0.961,0,9,3,2004
2004-10-01,0.1,0.1,0.1,0,0.1,0.1,0,0.1,0.1,0,0.1,0.1,0,0.1,0.1,0,0.1,0.1,0,0.1,0.1,0,0.1,0.1,0,0.1,0.1,0,0.1,0.1,0,0.1,0.1,0,0.1,0.1,0,0.1,0.1,0,0.1,0.1,0,0.1,0.1,0,0.1,0.1,0,0.1,0.1,0,-0.11844703,-0.08362071,18.93,18.38,0.5311495,0.8234547,0.7082012,0.6937547,0.7377397,0.7972091,"22.98421","21.65659","21.83011","21.67957","23.76495","22.17940","22.12029","22.42859",0.916,0.886,0,10,4,2004
2004-11-01,NA,0.1,0.1,NA,NA,0.1,NA,NA,0.1,NA,NA,0.1,NA,NA,0.1,NA,NA,0.1,NA,NA,0.1,NA,NA,0.1,NA,NA,0.1,NA,NA,0.1,NA,NA,0.1,NA,NA,0.1,NA,NA,0.1,NA,NA,0.1,NA,NA,0.1,NA,NA,0.1,NA,NA,0.1,NA,-0.08494709,-0.11844703,19.29,18.93,1.6359539,0.5311495,0.7442637,0.7082012,0.6937547,0.7377397,"24.42693","22.98421","21.65659","21.83011","25.30222","23.76495","22.17940","22.12029",0.927,0.916,0,11,4,2004
2004-12-01,0.1,NA,0.1,NA,0.1,NA,NA,0.1,NA,NA,0.1,NA,NA,0.1,NA,NA,0.1,NA,NA,0.1,NA,NA,0.1,NA,NA,0.1,NA,NA,0.1,NA,NA,0.1,NA,NA,0.1,NA,NA,0.1,NA,NA,0.1,NA,NA,0.1,NA,NA,0.1,NA,NA,0.1,NA,NA,-0.22026147,-0.08494709,20.61,19.29,0.299275,1.6359539,0.8435448,0.7442637,0.7082012,0.6937547,"25.85605","24.42693","22.98421","21.65659","26.39932","25.30222","23.76495","22.17940",0.957,0.927,1,12,4,2004
2005-01-01,0.3090301,0.1,NA,1.1282685,0.1,0.1,0,0.1,0.1,0,0.1,0.1,0,0.1,0.1,0,0.1,0.1,0,0.1,0.1,0,0.1,0.1,0,0.1,0.1,0,0.1,0.1,0,0.1,0.1,0,0.1,0.1,0,0.1,0.1,0,0.1,0.1,0,0.1,0.1,0,0.1,0.1,0,0.1,0.1,0,-0.2040045,-0.22026147,22.54,20.61,0.143073,0.299275,0.8147732,0.8435448,0.7442637,0.7082012,"26.36095","25.85605","24.42693","22.98421","27.16358","26.39932","25.30222","23.76495",0.915,0.957,1,1,1,2005
2005-02-01,0.1,0.3090301,0.1,-1.1282685,0.1,0.1,0,0.1,0.1,0,0.1,0.1,0,0.1,0.1,0,0.5180602,0.1,1.644921,0.1,0.1,0,0.1,0.1,0,0.1,0.1,0,0.1,0.1,0,0.1,0.1,0,0.1,0.1,0,0.1,0.1,0,0.1,0.1,0,0.1,0.1,0,0.1,0.1,0,0.1,0.1,0,-0.1200439,-0.2040045,22.1,22.54,0.2539505,0.143073,0.9991891,0.8147732,0.8435448,0.7442637,"27.00553","26.36095","25.85605","24.42693","27.59133","27.16358","26.39932","25.30222",0.974,0.915,1,2,1,2005
2005-03-01,0.3090301,0.1,0.3090301,1.1282685,0.1,0.1,0,0.1,0.1,0,0.5180602,0.1,1.6449213,0.1,0.1,0,0.1,0.5180602,-1.644921,0.1,0.1,0,0.1,0.1,0,0.1,0.1,0,0.1,0.1,0,0.1,0.1,0,0.1,0.1,0,0.1,0.1,0,0.1,0.1,0,0.1,0.1,0,0.1,0.1,0,0.1,0.1,0,-0.15173568,-0.1200439,22.72,22.1,0.1924399,0.2539505,0.9659781,0.9991891,0.8147732,0.8435448,"26.71329","27.00553","26.36095","25.85605","27.19962","27.59133","27.16358","26.39932",0.974,0.974,1,3,1,2005
2005-04-01,0.1,0.3090301,0.1,-1.1282685,0.1,0.1,0,0.1,0.1,0,0.1,0.5180602,-1.6449213,0.1,0.1,0,0.1,0.1,0,0.1,0.1,0,0.1,0.1,0,0.1,0.1,0,0.1,0.1,0,0.1,0.1,0,0.1,0.1,0,0.1,0.1,0,0.1,0.1,0,0.1,0.1,0,0.1,0.1,0,0.1,0.1,0,-0.26878589,-0.15173568,22.51,22.72,0.1854065,0.1924399,1.007305,0.9659781,0.9991891,0.8147732,"25.72198","26.71329","27.00553","26.36095","26.17618","27.19962","27.59133","27.16358",0.886,0.974,1,4,2,2005
2005-05-01,0.1,0.1,0.3090301,0,0.1,0.1,0,0.1,0.1,0,0.1,0.1,0,0.1,0.1,0,0.1,0.1,0,0.1,0.1,0,0.1,0.1,0,0.1,0.1,0,0.1,0.1,0,0.1,0.1,0,0.1,0.1,0,0.1,0.1,0,0.1,0.1,0,0.1,0.1,0,0.1,0.1,0,0.1,0.1,0,-0.06034448,-0.26878589,20.55,22.51,0.3133879,0.1854065,1.0486954,1.007305,0.9659781,0.9991891,"24.45753","25.72198","26.71329","27.00553","24.82808","26.17618","27.19962","27.59133",1.014,0.886,1,5,2,2005
2005-06-01,0.1,0.1,0.1,0,0.1,0.1,0,0.1,0.1,0,0.1,0.1,0,0.1,0.1,0,0.1,0.1,0,0.1,0.1,0,0.1,0.1,0,0.1,0.1,0,0.1,0.1,0,0.1,0.1,0,0.1,0.1,0,0.1,0.1,0,0.1,0.1,0,0.1,0.1,0,0.1,0.1,0,0.1,0.1,0,-0.16089123,-0.06034448,19.29,20.55,0.4220125,0.3133879,1.0117845,1.0486954,1.007305,0.9659781,"23.22832","24.45753","25.72198","26.71329","24.03971","24.82808","26.17618","27.19962",1,1.014,0,6,2,2005
2005-07-01,0.1,0.1,0.1,0,0.1,0.1,0,0.1,0.1,0,0.1,0.1,0,0.1,0.1,0,0.1,0.1,0,0.1,0.1,0,0.1,0.1,0,0.1,0.1,0,0.1,0.1,0,0.1,0.1,0,0.1,0.1,0,0.1,0.1,0,0.1,0.1,0,0.1,0.1,0,0.1,0.1,0,0.1,0.1,0,-0.07182414,-0.16089123,18.14,19.29,0.3438958,0.4220125,0.8602956,1.0117845,1.0486954,1.007305,"22.07931","23.22832","24.45753","25.72198","23.06612","24.03971","24.82808","26.17618",0.999,1,0,7,3,2005
2005-08-01,0.1,0.1,0.1,0,0.1,0.1,0,0.1,0.1,0,0.1,0.1,0,0.1,0.1,0,0.1,0.1,0,0.1,0.1,0,0.1,0.1,0,0.1,0.1,0,0.1,0.1,0,0.1,0.1,0,0.1,0.1,0,0.1,0.1,0,0.1,0.1,0,0.1,0.1,0,0.1,0.1,0,0.1,0.1,0,-0.05893594,-0.07182414,17.37,18.14,0.5606035,0.3438958,0.7706937,0.8602956,1.0117845,1.0486954,"21.86936","22.07931","23.22832","24.45753","21.82490","23.06612","24.03971","24.82808",0.904,0.999,0,8,3,2005
2005-09-01,0.1,0.1,0.1,0,0.1,0.1,0,0.1,0.1,0,0.1,0.1,0,0.1,0.1,0,0.1,0.1,0,0.1,0.1,0,0.1,0.1,0,0.1,0.1,0,0.1,0.1,0,0.1,0.1,0,0.1,0.1,0,0.1,0.1,0,0.1,0.1,0,0.1,0.1,0,0.1,0.1,0,0.1,0.1,0,-0.29641688,-0.05893594,18.01,17.37,0.7260641,0.5606035,0.6127782,0.7706937,0.8602956,1.0117845,"21.94769","21.86936","22.07931","23.22832","22.38228","21.82490","23.06612","24.03971",0.941,0.904,0,9,3,2005
2005-10-01,NA,0.1,0.1,NA,NA,0.1,NA,NA,0.1,NA,NA,0.1,NA,NA,0.1,NA,NA,0.1,NA,NA,0.1,NA,NA,0.1,NA,NA,0.1,NA,NA,0.1,NA,NA,0.1,NA,NA,0.1,NA,NA,0.1,NA,NA,0.1,NA,NA,0.1,NA,NA,0.1,NA,NA,0.1,NA,-0.19764256,-0.29641688,18.95,18.01,0.4392746,0.7260641,0.6639182,0.6127782,0.7706937,0.8602956,"23.50043","21.94769","21.86936","22.07931","24.22673","22.38228","21.82490","23.06612",0.946,0.941,0,10,4,2005
2005-11-01,NA,NA,0.1,NA,NA,NA,NA,NA,NA,NA,NA,NA,NA,NA,NA,NA,NA,NA,NA,NA,NA,NA,NA,NA,NA,NA,NA,NA,NA,NA,NA,NA,NA,NA,NA,NA,NA,NA,NA,NA,NA,NA,NA,NA,NA,NA,NA,NA,NA,NA,NA,NA,-0.18777099,-0.19764256,19.65,18.95,0.848241,0.4392746,0.7786384,0.6639182,0.6127782,0.7706937,"25.27771","23.50043","21.94769","21.86936","25.86984","24.22673","22.38228","21.82490",0.979,0.946,0,11,4,2005
2005-12-01,NA,NA,NA,NA,NA,NA,NA,NA,NA,NA,NA,NA,NA,NA,NA,NA,NA,NA,NA,NA,NA,NA,NA,NA,NA,NA,NA,NA,NA,NA,NA,NA,NA,NA,NA,NA,NA,NA,NA,NA,NA,NA,NA,NA,NA,NA,NA,NA,NA,NA,NA,NA,-0.0453552,-0.18777099,21.73,19.65,0.1483901,0.848241,0.7587703,0.7786384,0.6639182,0.6127782,"27.35938","25.27771","23.50043","21.94769","27.30671","25.86984","24.22673","22.38228",1.086,0.979,1,12,4,2005
2006-01-01,8.6702341,NA,NA,NA,1.5632107,NA,NA,0.1,NA,NA,0.3090301,NA,NA,0.7270903,NA,NA,0.1,NA,NA,0.1,NA,NA,0.1,NA,NA,0.1,NA,NA,0.1,NA,NA,0.1,NA,NA,0.1,NA,NA,0.1,NA,NA,0.1,NA,NA,0.1,NA,NA,0.1,NA,NA,0.1,NA,NA,-0.33113757,-0.0453552,22.95,21.73,0.1597476,0.1483901,0.7587409,0.7587703,0.7786384,0.6639182,"27.96041","27.35938","25.27771","23.50043","28.10387","27.30671","25.86984","24.22673",0.952,1.086,1,1,1,2006
2006-02-01,25.8107023,8.6702341,NA,1.0908934,3.6535117,1.5632107,0.848947,0.1,0.1,0,0.5180602,0.3090301,0.5166528,1.7722408,0.7270903,0.89094933,1.5632107,0.1,2.749327,0.3090301,0.1,1.1282685,0.1,0.1,0,0.3090301,0.1,1.1282685,0.1,0.1,0,0.1,0.1,0,0.1,0.1,0,0.1,0.1,0,0.1,0.1,0,0.1,0.1,0,0.1,0.1,0,0.1,0.1,0,-0.31306684,-0.33113757,24.24,22.95,0.1416893,0.1597476,0.8346949,0.7587409,0.7587703,0.7786384,"27.84325","27.96041","27.35938","25.27771","28.26473","28.10387","27.30671","25.86984",0.972,0.952,1,2,1,2006
2006-03-01,13.8123746,25.8107023,8.6702341,-0.6252243,1.2705686,3.6535117,-1.0562243,0.1,0.1,0,0.1,0.5180602,-1.6449213,1.1033445,1.7722408,-0.47389873,0.9361204,1.5632107,-0.512753,0.4344482,0.3090301,0.3406379,0.1,0.1,0,0.1,0.3090301,-1.1282685,0.1,0.1,0,0.1,0.1,0,0.1,0.1,0,0.1,0.1,0,0.1,0.1,0,0.1,0.1,0,0.1,0.1,0,0.1,0.1,0,-0.11249592,-0.31306684,22.97,24.24,0.1930695,0.1416893,0.9703712,0.8346949,0.7587409,0.7587703,"26.69109","27.84325","27.96041","27.35938","26.78827","28.26473","28.10387","27.30671",0.948,0.972,1,3,1,2006
2006-04-01,5.1167224,13.8123746,25.8107023,-0.9930508,1.5632107,1.2705686,0.2072774,0.1,0.1,0,0.1,0.1,0,0.1,1.1033445,-2.4009311,0.1,0.9361204,-2.236574,0.5180602,0.4344482,0.1760148,0.1,0.1,0,0.3090301,0.1,1.1282685,0.3090301,0.1,1.1282685,0.1,0.1,0,0.1,0.1,0,0.1,0.1,0,0.1,0.1,0,0.1,0.1,0,0.1,0.1,0,0.1,0.1,0,-0.01646826,-0.11249592,22.91,22.97,0.2367137,0.1930695,1.0453134,0.9703712,0.8346949,0.7587409,"26.19854","26.69109","27.84325","27.96041","26.74725","26.78827","28.26473","28.10387",1.148,0.948,1,4,2,2006
2006-05-01,8.6702341,5.1167224,13.8123746,0.5273817,1.9812709,1.5632107,0.2369967,0.1,0.1,0,0.1,0.1,0,0.1,0.1,0,0.1,0.1,0,0.1,0.5180602,-1.6449213,0.1,0.1,0,0.1,0.3090301,-1.1282685,0.1,0.3090301,-1.1282685,0.1,0.1,0,0.1,0.1,0,0.1,0.1,0,0.1,0.1,0,0.1,0.1,0,0.1,0.1,0,0.1,0.1,0,-0.12965672,-0.01646826,20.79,22.91,0.3262518,0.2367137,0.8185164,1.0453134,0.9703712,0.8346949,"24.68624","26.19854","26.69109","27.84325","25.18643","26.74725","26.78827","28.26473",1.028,1.148,1,5,2,2006
2006-06-01,0.1,8.6702341,5.1167224,-4.4624809,0.3787068,1.9812709,-1.6547315,0.1,0.1,0,0.1,0.1,0,0.1,0.1,0,0.1,0.1,0,0.1,0.1,0,0.1,0.1,0,0.1,0.1,0,0.1,0.1,0,0.1,0.1,0,0.1,0.1,0,0.1,0.1,0,0.1,0.1,0,0.1,0.1,0,0.1,0.1,0,0.1,0.1,0,-0.28605235,-0.12965672,19.2,20.79,0.3293673,0.3262518,0.7470971,0.8185164,1.0453134,0.9703712,"23.11642","24.68624","26.19854","26.69109","23.71698","25.18643","26.74725","26.78827",0.96,1.028,0,6,2,2006
2006-07-01,0.1,0.1,8.6702341,0,0.1,0.3787068,-1.3315921,0.1,0.1,0,0.1,0.1,0,0.1,0.1,0,0.1,0.1,0,0.1,0.1,0,0.1,0.1,0,0.1,0.1,0,0.1,0.1,0,0.1,0.1,0,0.1,0.1,0,0.1,0.1,0,0.1,0.1,0,0.1,0.1,0,0.1,0.1,0,0.1,0.1,0,-0.19828814,-0.28605235,18.96,19.2,0.6178151,0.3293673,0.9100728,0.7470971,0.8185164,1.0453134,"22.18601","23.11642","24.68624","26.19854","22.51700","23.71698","25.18643","26.74725",0.9,0.96,0,7,3,2006
2006-08-01,0.1,0.1,0.1,0,0.1,0.1,0,0.1,0.1,0,0.1,0.1,0,0.1,0.1,0,0.1,0.1,0,0.1,0.1,0,0.1,0.1,0,0.1,0.1,0,0.1,0.1,0,0.1,0.1,0,0.1,0.1,0,0.1,0.1,0,0.1,0.1,0,0.1,0.1,0,0.1,0.1,0,0.1,0.1,0,-0.1186231,-0.19828814,19.42,18.96,0.3056683,0.6178151,0.7720871,0.9100728,0.7470971,0.8185164,"21.77962","22.18601","23.11642","24.68624","21.81750","22.51700","23.71698","25.18643",0.917,0.9,0,8,3,2006
2006-09-01,NA,0.1,0.1,NA,NA,0.1,NA,NA,0.1,NA,NA,0.1,NA,NA,0.1,NA,NA,0.1,NA,NA,0.1,NA,NA,0.1,NA,NA,0.1,NA,NA,0.1,NA,NA,0.1,NA,NA,0.1,NA,NA,0.1,NA,NA,0.1,NA,NA,0.1,NA,NA,0.1,NA,NA,0.1,NA,-0.13419928,-0.1186231,19.38,19.42,0.6877037,0.3056683,0.7840668,0.7720871,0.9100728,0.7470971,"21.83569","21.77962","22.18601","23.11642","22.31328","21.81750","22.51700","23.71698",0.905,0.917,0,9,3,2006
2006-10-01,NA,NA,0.1,NA,NA,NA,NA,NA,NA,NA,NA,NA,NA,NA,NA,NA,NA,NA,NA,NA,NA,NA,NA,NA,NA,NA,NA,NA,NA,NA,NA,NA,NA,NA,NA,NA,NA,NA,NA,NA,NA,NA,NA,NA,NA,NA,NA,NA,NA,NA,NA,NA,-0.24099058,-0.13419928,19.85,19.38,0.5418081,0.6877037,0.5937893,0.7840668,0.7720871,0.9100728,"22.40321","21.83569","21.77962","22.18601","23.00684","22.31328","21.81750","22.51700",0.897,0.905,0,10,4,2006
2006-11-01,NA,NA,NA,NA,NA,NA,NA,NA,NA,NA,NA,NA,NA,NA,NA,NA,NA,NA,NA,NA,NA,NA,NA,NA,NA,NA,NA,NA,NA,NA,NA,NA,NA,NA,NA,NA,NA,NA,NA,NA,NA,NA,NA,NA,NA,NA,NA,NA,NA,NA,NA,NA,-0.02869914,-0.24099058,19.99,19.85,0.2849424,0.5418081,0.6731251,0.5937893,0.7840668,0.7720871,"23.54459","22.40321","21.83569","21.77962","24.52754","23.00684","22.31328","21.81750",0.922,0.897,0,11,4,2006
2006-12-01,0.1,NA,NA,NA,0.1,NA,NA,0.1,NA,NA,0.1,NA,NA,0.1,NA,NA,0.1,NA,NA,0.1,NA,NA,0.1,NA,NA,0.1,NA,NA,0.1,NA,NA,0.1,NA,NA,0.1,NA,NA,0.1,NA,NA,0.1,NA,NA,0.1,NA,NA,0.1,NA,NA,0.1,NA,NA,-0.29417497,-0.02869914,20.8,19.99,0.5401999,0.2849424,0.7414111,0.6731251,0.5937893,0.7840668,"24.88355","23.54459","22.40321","21.83569","25.81060","24.52754","23.00684","22.31328",0.856,0.922,1,12,4,2006
2007-01-01,0.3787068,0.1,NA,1.3315921,0.1,0.1,0,0.1,0.1,0,0.1,0.1,0,0.1,0.1,0,0.1,0.1,0,0.1,0.1,0,0.1,0.1,0,0.1,0.1,0,0.1,0.1,0,0.1,0.1,0,0.1,0.1,0,0.1,0.1,0,0.1,0.1,0,0.1,0.1,0,0.1,0.1,0,0.1,0.1,0,-0.30262622,-0.29417497,20.81,20.8,1.1815137,0.5401999,0.7563586,0.7414111,0.6731251,0.5937893,"25.62148","24.88355","23.54459","22.40321","26.72178","25.81060","24.52754","23.00684",0.912,0.856,1,1,1,2007
2007-02-01,28.8068004,0.3787068,0.1,4.3316045,2.6083612,0.1,3.2613072,0.1,0.1,0,2.0509476,0.1,3.020887,1.2148272,0.1,2.49718694,2.6083612,0.1,3.261307,0.1,0.1,0,0.1,0.1,0,0.1,0.1,0,0.1,0.1,0,0.1,0.1,0,0.1,0.1,0,0.1,0.1,0,0.1,0.1,0,0.1,0.1,0,0.1,0.1,0,0.1,0.1,0,-0.14743094,-0.30262622,22.85,20.81,0.2374625,1.1815137,0.8937323,0.7563586,0.7414111,0.6731251,"26.50310","25.62148","24.88355","23.54459","26.72958","26.72178","25.81060","24.52754",0.881,0.912,1,2,1,2007
2007-03-01,43.0208473,28.8068004,0.3787068,0.4010733,1.493534,2.6083612,-0.557577,0.1,0.1,0,0.3787068,2.0509476,-1.6892949,0.1,1.2148272,-2.49718694,0.1,2.6083612,-3.261307,0.1,0.1,0,0.1,0.1,0,0.1,0.1,0,0.1,0.1,0,0.1,0.1,0,0.1,0.1,0,0.1,0.1,0,0.1,0.1,0,0.1,0.1,0,0.1,0.1,0,0.1,0.1,0,-0.06670642,-0.14743094,23.27,22.85,0.3202023,0.2374625,0.7924916,0.8937323,0.7563586,0.7414111,"26.85049","26.50310","25.62148","24.88355","27.12696","26.72958","26.72178","25.81060",1.038,0.881,1,3,1,2007
2007-04-01,0.9361204,43.0208473,28.8068004,-3.827696,0.1,1.493534,-2.7037302,0.1,0.1,0,0.1,0.3787068,-1.3315921,0.1,0.1,0,0.1,0.1,0,0.1,0.1,0,0.5180602,0.1,1.64492127,0.1,0.1,0,0.1,0.1,0,0.1,0.1,0,0.1,0.1,0,0.1,0.1,0,0.1,0.1,0,0.1,0.1,0,0.1,0.1,0,0.1,0.1,0,-0.26183706,-0.06670642,22.9,23.27,0.1745785,0.3202023,0.7700892,0.7924916,0.8937323,0.7563586,"25.60370","26.85049","26.50310","25.62148","25.84632","27.12696","26.72958","26.72178",0.989,1.038,1,4,2,2007
2007-05-01,7.6250836,0.9361204,43.0208473,2.0974545,0.1,0.1,0,0.1,0.1,0,0.1,0.1,0,0.1,0.1,0,0.1,0.1,0,0.1,0.1,0,0.1,0.5180602,-1.64492127,0.1,0.1,0,0.9361204,0.1,2.2365739,0.1,0.1,0,0.1,0.1,0,0.1,0.1,0,0.1,0.1,0,0.1,0.1,0,0.1,0.1,0,0.1,0.1,0,-0.32462305,-0.26183706,20.87,22.9,0.3184025,0.1745785,1.0333733,0.7700892,0.7924916,0.8937323,"24.81631","25.60370","26.85049","26.50310","25.03051","25.84632","27.12696","26.72958",1.039,0.989,1,5,2,2007
2007-06-01,0.1,7.6250836,0.9361204,-4.3340284,0.1,0.1,0,0.1,0.1,0,0.1,0.1,0,0.1,0.1,0,0.1,0.1,0,0.1,0.1,0,0.1,0.1,0,0.1,0.1,0,0.1,0.9361204,-2.2365739,0.1,0.1,0,0.1,0.1,0,0.1,0.1,0,0.1,0.1,0,0.1,0.1,0,0.1,0.1,0,0.1,0.1,0,-0.19455551,-0.32462305,19.5,20.87,0.367542,0.3184025,0.8881472,1.0333733,0.7700892,0.7924916,"23.48035","24.81631","25.60370","26.85049","23.86649","25.03051","25.84632","27.12696",1.105,1.039,0,6,2,2007
2007-07-01,NA,0.1,7.6250836,NA,NA,0.1,NA,NA,0.1,NA,NA,0.1,NA,NA,0.1,NA,NA,0.1,NA,NA,0.1,NA,NA,0.1,NA,NA,0.1,NA,NA,0.1,NA,NA,0.1,NA,NA,0.1,NA,NA,0.1,NA,NA,0.1,NA,NA,0.1,NA,NA,0.1,NA,NA,0.1,NA,-0.03948625,-0.19455551,17.39,19.5,0.3504686,0.367542,0.9619133,0.8881472,1.0333733,0.7700892,"21.65023","23.48035","24.81631","25.60370","22.28509","23.86649","25.03051","25.84632",1.032,1.105,0,7,3,2007
2007-08-01,NA,NA,0.1,NA,NA,NA,NA,NA,NA,NA,NA,NA,NA,NA,NA,NA,NA,NA,NA,NA,NA,NA,NA,NA,NA,NA,NA,NA,NA,NA,NA,NA,NA,NA,NA,NA,NA,NA,NA,NA,NA,NA,NA,NA,NA,NA,NA,NA,NA,NA,NA,NA,-0.12806036,-0.03948625,17.23,17.39,1.6838501,0.3504686,0.6949648,0.9619133,0.8881472,1.0333733,"21.39155","21.65023","23.48035","24.81631","22.24455","22.28509","23.86649","25.03051",0.941,1.032,0,8,3,2007
2007-09-01,0.1,NA,NA,NA,0.1,NA,NA,0.1,NA,NA,0.1,NA,NA,0.1,NA,NA,0.1,NA,NA,0.1,NA,NA,0.1,NA,NA,0.1,NA,NA,0.1,NA,NA,0.1,NA,NA,0.1,NA,NA,0.1,NA,NA,0.1,NA,NA,0.1,NA,NA,0.1,NA,NA,0.1,NA,NA,-0.14121853,-0.12806036,18.17,17.23,0.4440639,1.6838501,0.7401146,0.6949648,0.9619133,0.8881472,"21.84002","21.39155","21.65023","23.48035","22.39741","22.24455","22.28509","23.86649",0.937,0.941,0,9,3,2007
2007-10-01,0.1,0.1,NA,0,0.1,0.1,0,0.1,0.1,0,0.1,0.1,0,0.1,0.1,0,0.1,0.1,0,0.1,0.1,0,0.1,0.1,0,0.1,0.1,0,0.1,0.1,0,0.1,0.1,0,0.1,0.1,0,0.1,0.1,0,0.1,0.1,0,0.1,0.1,0,0.1,0.1,0,0.1,0.1,0,-0.05606015,-0.14121853,19.1,18.17,0.2509616,0.4440639,0.7013572,0.7401146,0.6949648,0.9619133,"23.09504","21.84002","21.39155","21.65023","23.98801","22.39741","22.24455","22.28509",0.981,0.937,0,10,4,2007
2007-11-01,NA,0.1,0.1,NA,NA,0.1,NA,NA,0.1,NA,NA,0.1,NA,NA,0.1,NA,NA,0.1,NA,NA,0.1,NA,NA,0.1,NA,NA,0.1,NA,NA,0.1,NA,NA,0.1,NA,NA,0.1,NA,NA,0.1,NA,NA,0.1,NA,NA,0.1,NA,NA,0.1,NA,NA,0.1,NA,-0.12291916,-0.05606015,20.91,19.1,0.2078676,0.2509616,0.7927964,0.7013572,0.7401146,0.6949648,"24.36154","23.09504","21.84002","21.39155","25.38661","23.98801","22.39741","22.24455",0.892,0.981,0,11,4,2007
2007-12-01,0.1,NA,0.1,NA,0.1,NA,NA,0.1,NA,NA,0.1,NA,NA,0.1,NA,NA,0.1,NA,NA,0.1,NA,NA,0.1,NA,NA,0.1,NA,NA,0.1,NA,NA,0.1,NA,NA,0.1,NA,NA,0.1,NA,NA,0.1,NA,NA,0.1,NA,NA,0.1,NA,NA,0.1,NA,NA,-0.09970162,-0.12291916,20.92,20.91,0.3386999,0.2078676,0.7523816,0.7927964,0.7013572,0.7401146,"25.31510","24.36154","23.09504","21.84002","26.39699","25.38661","23.98801","22.39741",0.948,0.892,1,12,4,2007
2008-01-01,14.732107,0.1,NA,4.9926144,0.7270903,0.1,1.9838805,0.1,0.1,0,0.1,0.1,0,0.1,0.1,0,3.6535117,0.1,3.598274,0.1,0.1,0,0.1,0.1,0,0.1,0.1,0,0.1,0.1,0,0.1,0.1,0,0.1,0.1,0,0.1,0.1,0,0.1,0.1,0,0.1,0.1,0,0.1,0.1,0,0.1,0.1,0,-0.29156914,-0.09970162,23.43,20.92,0.1298236,0.3386999,0.8981254,0.7523816,0.7927964,0.7013572,"26.28605","25.31510","24.36154","23.09504","27.11035","26.39699","25.38661","23.98801",0.951,0.948,1,1,1,2008
2008-02-01,11.3876254,14.732107,0.1,-0.257502,0.1,0.7270903,-1.9838805,0.1,0.1,0,0.1,0.1,0,0.5180602,0.1,1.64492127,0.1,3.6535117,-3.598274,0.1,0.1,0,0.1,0.1,0,0.1,0.1,0,0.1,0.1,0,0.1,0.1,0,0.1,0.1,0,0.1,0.1,0,0.1,0.1,0,0.1,0.1,0,0.1,0.1,0,0.1,0.1,0,-0.18519428,-0.29156914,23.15,23.43,0.1777221,0.1298236,1.1497742,0.8981254,0.7523816,0.7927964,"26.65354","26.28605","25.31510","24.36154","27.76413","27.11035","26.39699","25.38661",1.01,0.951,1,2,1,2008
2008-03-01,19.3307692,11.3876254,14.732107,0.5291708,0.1,0.1,0,0.1,0.1,0,15.1501672,0.1,5.0205967,0.5180602,0.5180602,0,0.1,0.1,0,0.1,0.1,0,0.1,0.1,0,0.1,0.1,0,0.1,0.1,0,0.1,0.1,0,0.1,0.1,0,0.1,0.1,0,0.1,0.1,0,0.1,0.1,0,0.1,0.1,0,0.1,0.1,0,-0.10032373,-0.18519428,22.12,23.15,0.2026109,0.1777221,0.9223062,1.1497742,0.8981254,0.7523816,"25.59655","26.65354","26.28605","25.31510","26.38939","27.76413","27.11035","26.39699",0.967,1.01,1,3,1,2008
2008-04-01,24.3474916,19.3307692,11.3876254,0.2307307,0.1,0.1,0,0.1,0.1,0,6.7889632,15.1501672,-0.8027133,0.1,0.5180602,-1.64492127,0.1,0.1,0,0.1,0.1,0,0.1,0.1,0,0.1,0.1,0,0.1,0.1,0,0.1,0.1,0,0.1,0.1,0,0.1,0.1,0,0.1,0.1,0,0.1,0.1,0,0.1,0.1,0,0.1,0.1,0,-0.02113994,-0.10032373,20.56,22.12,0.3698791,0.2026109,0.9253131,0.9223062,1.1497742,0.8981254,"24.82662","25.59655","26.65354","26.28605","25.61084","26.38939","27.76413","27.11035",1.01,0.967,1,4,2,2008
2008-05-01,NA,24.3474916,19.3307692,NA,NA,0.1,NA,NA,0.1,NA,NA,6.7889632,NA,NA,0.1,NA,NA,0.1,NA,NA,0.1,NA,NA,0.1,NA,NA,0.1,NA,NA,0.1,NA,NA,0.1,NA,NA,0.1,NA,NA,0.1,NA,NA,0.1,NA,NA,0.1,NA,NA,0.1,NA,NA,0.1,NA,-0.11023051,-0.02113994,20.19,20.56,0.2931162,0.3698791,1.2828652,0.9253131,0.9223062,1.1497742,"23.80593","24.82662","25.59655","26.65354","24.57573","25.61084","26.38939","27.76413",0.988,1.01,1,5,2,2008
2008-06-01,NA,NA,24.3474916,NA,NA,NA,NA,NA,NA,NA,NA,NA,NA,NA,NA,NA,NA,NA,NA,NA,NA,NA,NA,NA,NA,NA,NA,NA,NA,NA,NA,NA,NA,NA,NA,NA,NA,NA,NA,NA,NA,NA,NA,NA,NA,NA,NA,NA,NA,NA,NA,NA,-0.12199187,-0.11023051,19.48,20.19,0.5032664,0.2931162,0.9951639,1.2828652,0.9253131,0.9223062,"22.66977","23.80593","24.82662","25.59655","23.06171","24.57573","25.61084","26.38939",1.004,0.988,0,6,2,2008
2008-07-01,NA,NA,NA,NA,NA,NA,NA,NA,NA,NA,NA,NA,NA,NA,NA,NA,NA,NA,NA,NA,NA,NA,NA,NA,NA,NA,NA,NA,NA,NA,NA,NA,NA,NA,NA,NA,NA,NA,NA,NA,NA,NA,NA,NA,NA,NA,NA,NA,NA,NA,NA,NA,-0.07419519,-0.12199187,18.34,19.48,0.9699917,0.5032664,0.9466376,0.9951639,1.2828652,0.9253131,"21.42884","22.66977","23.80593","24.82662","22.42097","23.06171","24.57573","25.61084",1.002,1.004,0,7,3,2008
2008-08-01,NA,NA,NA,NA,NA,NA,NA,NA,NA,NA,NA,NA,NA,NA,NA,NA,NA,NA,NA,NA,NA,NA,NA,NA,NA,NA,NA,NA,NA,NA,NA,NA,NA,NA,NA,NA,NA,NA,NA,NA,NA,NA,NA,NA,NA,NA,NA,NA,NA,NA,NA,NA,0.04054267,-0.07419519,16,18.34,0.8160282,0.9699917,0.7743885,0.9466376,0.9951639,1.2828652,"21.06196","21.42884","22.66977","23.80593","21.72552","22.42097","23.06171","24.57573",0.937,1.002,0,8,3,2008
2008-09-01,NA,NA,NA,NA,NA,NA,NA,NA,NA,NA,NA,NA,NA,NA,NA,NA,NA,NA,NA,NA,NA,NA,NA,NA,NA,NA,NA,NA,NA,NA,NA,NA,NA,NA,NA,NA,NA,NA,NA,NA,NA,NA,NA,NA,NA,NA,NA,NA,NA,NA,NA,NA,-0.08304556,0.04054267,17.11,16,1.214701,0.8160282,0.6231104,0.7743885,0.9466376,0.9951639,"21.69209","21.06196","21.42884","22.66977","22.41101","21.72552","22.42097","23.06171",0.913,0.937,0,9,3,2008
2008-10-01,NA,NA,NA,NA,NA,NA,NA,NA,NA,NA,NA,NA,NA,NA,NA,NA,NA,NA,NA,NA,NA,NA,NA,NA,NA,NA,NA,NA,NA,NA,NA,NA,NA,NA,NA,NA,NA,NA,NA,NA,NA,NA,NA,NA,NA,NA,NA,NA,NA,NA,NA,NA,-0.10193182,-0.08304556,18.96,17.11,0.4925851,1.214701,0.7396401,0.6231104,0.7743885,0.9466376,"23.15552","21.69209","21.06196","21.42884","24.04826","22.41101","21.72552","22.42097",0.882,0.913,0,10,4,2008
2008-11-01,NA,NA,NA,NA,NA,NA,NA,NA,NA,NA,NA,NA,NA,NA,NA,NA,NA,NA,NA,NA,NA,NA,NA,NA,NA,NA,NA,NA,NA,NA,NA,NA,NA,NA,NA,NA,NA,NA,NA,NA,NA,NA,NA,NA,NA,NA,NA,NA,NA,NA,NA,NA,-0.32604334,-0.10193182,20.28,18.96,0.2346578,0.4925851,0.6580956,0.7396401,0.6231104,0.7743885,"24.85810","23.15552","21.69209","21.06196","25.59774","24.04826","22.41101","21.72552",0.944,0.882,0,11,4,2008
2008-12-01,NA,NA,NA,NA,NA,NA,NA,NA,NA,NA,NA,NA,NA,NA,NA,NA,NA,NA,NA,NA,NA,NA,NA,NA,NA,NA,NA,NA,NA,NA,NA,NA,NA,NA,NA,NA,NA,NA,NA,NA,NA,NA,NA,NA,NA,NA,NA,NA,NA,NA,NA,NA,-0.12099415,-0.32604334,20.99,20.28,0.209682,0.2346578,0.8378989,0.6580956,0.7396401,0.6231104,"26.77454","24.85810","23.15552","21.69209","27.34194","25.59774","24.04826","22.41101",1.026,0.944,1,12,4,2008
2009-01-01,NA,NA,NA,NA,NA,NA,NA,NA,NA,NA,NA,NA,NA,NA,NA,NA,NA,NA,NA,NA,NA,NA,NA,NA,NA,NA,NA,NA,NA,NA,NA,NA,NA,NA,NA,NA,NA,NA,NA,NA,NA,NA,NA,NA,NA,NA,NA,NA,NA,NA,NA,NA,-0.17778206,-0.12099415,21.13,20.99,0.2055362,0.209682,0.8900645,0.8378989,0.6580956,0.7396401,"26.38849","26.77454","24.85810","23.15552","27.82000","27.34194","25.59774","24.04826",0.967,1.026,1,1,1,2009
2009-02-01,0.9361204,NA,NA,NA,0.9361204,NA,NA,0.1,NA,NA,0.1,NA,NA,0.1,NA,NA,0.1,NA,NA,0.1,NA,NA,0.1,NA,NA,0.1,NA,NA,0.9361204,NA,NA,0.1,NA,NA,0.1,NA,NA,0.1,NA,NA,0.1,NA,NA,0.1,NA,NA,0.1,NA,NA,0.1,NA,NA,-0.18389392,-0.17778206,22.56,21.13,0.3230121,0.2055362,0.9249038,0.8900645,0.8378989,0.6580956,"27.31434","26.38849","26.77454","24.85810","27.90681","27.82000","27.34194","25.59774",0.933,0.967,1,2,1,2009
2009-03-01,69.4979933,0.9361204,NA,4.3073091,3.0264214,0.9361204,1.173392,0.1,0.1,0,0.1,0.1,0,0.1,0.1,0,0.1,0.1,0,0.1,0.1,0,0.1,0.1,0,0.1,0.1,0,0.1,0.9361204,-2.2365739,0.1,0.1,0,0.1,0.1,0,0.1,0.1,0,0.1,0.1,0,0.1,0.1,0,0.1,0.1,0,0.1,0.1,0,-0.29936311,-0.18389392,22.35,22.56,0.4425492,0.3230121,1.4625527,0.9249038,0.8900645,0.8378989,"26.07555","27.31434","26.38849","26.77454","26.34953","27.90681","27.82000","27.34194",0.961,0.933,1,3,1,2009
2009-04-01,NA,69.4979933,0.9361204,NA,NA,3.0264214,NA,NA,0.1,NA,NA,0.1,NA,NA,0.1,NA,NA,0.1,NA,NA,0.1,NA,NA,0.1,NA,NA,0.1,NA,NA,0.1,NA,NA,0.1,NA,NA,0.1,NA,NA,0.1,NA,NA,0.1,NA,NA,0.1,NA,NA,0.1,NA,NA,0.1,NA,-0.12845945,-0.29936311,21.76,22.35,0.7357421,0.4425492,2.1209748,1.4625527,0.9249038,0.8900645,"25.72730","26.07555","27.31434","26.38849","26.29902","26.34953","27.90681","27.82000",0.979,0.961,1,4,2,2009
2009-05-01,38.5615385,NA,69.4979933,NA,0.1,NA,NA,0.1,NA,NA,0.1,NA,NA,0.1,NA,NA,0.1,NA,NA,0.1,NA,NA,0.1,NA,NA,0.1,NA,NA,0.1,NA,NA,0.1,NA,NA,0.1,NA,NA,0.1,NA,NA,0.1,NA,NA,0.1,NA,NA,0.1,NA,NA,0.1,NA,NA,-0.18613943,-0.12845945,22.48,21.76,0.8571849,0.7357421,1.2041973,2.1209748,1.4625527,0.9249038,"24.15751","25.72730","26.07555","27.31434","24.94579","26.29902","26.34953","27.90681",1.036,0.979,1,5,2,2009
2009-06-01,0.9361204,38.5615385,NA,-3.7182665,0.1,0.1,0,0.1,0.1,0,0.1,0.1,0,0.1,0.1,0,0.1,0.1,0,0.1,0.1,0,0.1,0.1,0,0.1,0.1,0,0.1,0.1,0,0.1,0.1,0,0.1,0.1,0,0.1,0.1,0,0.1,0.1,0,0.1,0.1,0,0.1,0.1,0,0.1,0.1,0,-0.20190342,-0.18613943,20,22.48,0.7174042,0.8571849,1.1196604,1.2041973,2.1209748,1.4625527,"23.12103","24.15751","25.72730","26.07555","23.60479","24.94579","26.29902","26.34953",1.044,1.036,0,6,2,2009
2009-07-01,0.1,0.9361204,38.5615385,-2.2365739,0.1,0.1,0,0.1,0.1,0,0.1,0.1,0,0.1,0.1,0,0.1,0.1,0,0.1,0.1,0,0.1,0.1,0,0.1,0.1,0,0.1,0.1,0,0.1,0.1,0,0.1,0.1,0,0.1,0.1,0,0.1,0.1,0,0.1,0.1,0,0.1,0.1,0,0.1,0.1,0,-0.29415148,-0.20190342,18.24,20,0.5571201,0.7174042,0.8470552,1.1196604,1.2041973,2.1209748,"21.65039","23.12103","24.15751","25.72730","22.65652","23.60479","24.94579","26.29902",1.033,1.044,0,7,3,2009
2009-08-01,NA,0.1,0.9361204,NA,NA,0.1,NA,NA,0.1,NA,NA,0.1,NA,NA,0.1,NA,NA,0.1,NA,NA,0.1,NA,NA,0.1,NA,NA,0.1,NA,NA,0.1,NA,NA,0.1,NA,NA,0.1,NA,NA,0.1,NA,NA,0.1,NA,NA,0.1,NA,NA,0.1,NA,NA,0.1,NA,-0.07457081,-0.29415148,17.34,18.24,3.9039203,0.5571201,0.881378,0.8470552,1.1196604,1.2041973,"21.61652","21.65039","23.12103","24.15751","22.66101","22.65652","23.60479","24.94579",0.974,1.033,0,8,3,2009
2009-09-01,0.1,NA,0.1,NA,0.1,NA,NA,0.1,NA,NA,0.1,NA,NA,0.1,NA,NA,0.1,NA,NA,0.1,NA,NA,0.1,NA,NA,0.1,NA,NA,0.1,NA,NA,0.1,NA,NA,0.1,NA,NA,0.1,NA,NA,0.1,NA,NA,0.1,NA,NA,0.1,NA,NA,0.1,NA,NA,-0.14240406,-0.07457081,17.82,17.34,0.8318021,3.9039203,0.7431575,0.881378,0.8470552,1.1196604,"22.79420","21.61652","21.65039","23.12103","23.95851","22.66101","22.65652","23.60479",0.96,0.974,0,9,3,2009
2009-10-01,NA,0.1,NA,NA,NA,0.1,NA,NA,0.1,NA,NA,0.1,NA,NA,0.1,NA,NA,0.1,NA,NA,0.1,NA,NA,0.1,NA,NA,0.1,NA,NA,0.1,NA,NA,0.1,NA,NA,0.1,NA,NA,0.1,NA,NA,0.1,NA,NA,0.1,NA,NA,0.1,NA,NA,0.1,NA,-0.22487447,-0.14240406,19.25,17.82,0.4795359,0.8318021,0.7808687,0.7431575,0.881378,0.8470552,"23.38500","22.79420","21.61652","21.65039","24.63505","23.95851","22.66101","22.65652",0.928,0.96,0,10,4,2009
2009-11-01,NA,NA,0.1,NA,NA,NA,NA,NA,NA,NA,NA,NA,NA,NA,NA,NA,NA,NA,NA,NA,NA,NA,NA,NA,NA,NA,NA,NA,NA,NA,NA,NA,NA,NA,NA,NA,NA,NA,NA,NA,NA,NA,NA,NA,NA,NA,NA,NA,NA,NA,NA,NA,-0.16875562,-0.22487447,20.59,19.25,0.7089698,0.4795359,0.8042783,0.7808687,0.7431575,0.881378,"24.65149","23.38500","22.79420","21.61652","25.34242","24.63505","23.95851","22.66101",0.956,0.928,0,11,4,2009
2009-12-01,0.1,NA,NA,NA,0.1,NA,NA,0.1,NA,NA,0.1,NA,NA,0.1,NA,NA,0.1,NA,NA,0.1,NA,NA,0.1,NA,NA,0.1,NA,NA,0.1,NA,NA,0.1,NA,NA,0.1,NA,NA,0.1,NA,NA,0.1,NA,NA,0.1,NA,NA,0.1,NA,NA,0.1,NA,NA,-0.09588681,-0.16875562,21.51,20.59,0.1814077,0.7089698,0.7613818,0.8042783,0.7808687,0.7431575,"26.23669","24.65149","23.38500","22.79420","26.73567","25.34242","24.63505","23.95851",0.958,0.956,1,12,4,2009
2010-01-01,14.9411371,0.1,NA,5.0067034,2.190301,0.1,3.0866241,0.1,0.1,0,0.1,0.1,0,0.5180602,0.1,1.64492127,0.1,0.1,0,0.1,0.1,0,0.1,0.1,0,0.1,0.1,0,0.1,0.1,0,0.1,0.1,0,0.1,0.1,0,0.1,0.1,0,0.1,0.1,0,0.1,0.1,0,0.1,0.1,0,0.1,0.1,0,-0.27022967,-0.09588681,22.05,21.51,0.3755508,0.1814077,0.8086214,0.7613818,0.8042783,0.7808687,"26.99541","26.23669","24.65149","23.38500","27.52361","26.73567","25.34242","24.63505",0.955,0.958,1,1,1,2010
2010-02-01,10.6908584,14.9411371,0.1,-0.3347293,3.7231884,2.190301,0.5305414,0.1,0.1,0,0.3787068,0.1,1.3315921,2.6083612,0.5180602,1.61638596,0.1,0.1,0,0.1,0.1,0,0.1,0.1,0,0.1,0.1,0,0.1,0.1,0,0.1,0.1,0,0.1,0.1,0,0.1,0.1,0,0.1,0.1,0,0.1,0.1,0,0.1,0.1,0,0.1,0.1,0,-0.32845879,-0.27022967,24.02,22.05,0.1389927,0.3755508,0.8228283,0.8086214,0.7613818,0.8042783,"27.12786","26.99541","26.23669","24.65149","28.01034","27.52361","26.73567","25.34242",0.93,0.955,1,2,1,2010
2010-03-01,4.9076923,10.6908584,14.9411371,-0.7785852,0.1,3.7231884,-3.6171655,0.1,0.1,0,0.3090301,0.3787068,-0.2033236,0.5180602,2.6083612,-1.61638596,0.3090301,0.1,1.128268,0.1,0.1,0,0.1,0.1,0,0.1,0.1,0,0.1,0.1,0,0.1,0.1,0,0.1,0.1,0,0.1,0.1,0,0.1,0.1,0,0.1,0.1,0,0.1,0.1,0,0.1,0.1,0,-0.1934756,-0.32845879,22.99,24.02,0.2756203,0.1389927,0.9399091,0.8228283,0.8086214,0.7613818,"26.56647","27.12786","26.99541","26.23669","27.36120","28.01034","27.52361","26.73567",0.906,0.93,1,3,1,2010
2010-04-01,0.9361204,4.9076923,10.6908584,-1.656815,0.1,0.1,0,0.1,0.1,0,0.1,0.3090301,-1.1282685,0.3090301,0.5180602,-0.51665277,0.1,0.3090301,-1.128268,0.1,0.1,0,0.1,0.1,0,0.1,0.1,0,0.1,0.1,0,0.1,0.1,0,0.1,0.1,0,0.1,0.1,0,0.1,0.1,0,0.1,0.1,0,0.1,0.1,0,0.1,0.1,0,-0.1386362,-0.1934756,22.35,22.99,0.400822,0.2756203,1.3033375,0.9399091,0.8228283,0.8086214,"26.02404","26.56647","27.12786","26.99541","26.62013","27.36120","28.01034","27.52361",0.967,0.906,1,4,2,2010
2010-05-01,9.2973244,0.9361204,4.9076923,2.2957378,0.1,0.1,0,0.1,0.1,0,0.1,0.1,0,0.1,0.3090301,-1.1282685,0.1,0.1,0,0.1,0.1,0,0.1,0.1,0,0.1,0.1,0,0.1,0.1,0,0.1,0.1,0,0.1,0.1,0,0.1,0.1,0,0.1,0.1,0,0.1,0.1,0,0.1,0.1,0,0.1,0.1,0,-0.29523137,-0.1386362,23.12,22.35,0.510912,0.400822,1.0323078,1.3033375,0.9399091,0.8228283,"24.90628","26.02404","26.56647","27.12786","25.43602","26.62013","27.36120","28.01034",1.108,0.967,1,5,2,2010
2010-06-01,0.1,9.2973244,0.9361204,-4.5323118,0.1,0.1,0,0.1,0.1,0,0.1,0.1,0,0.1,0.1,0,0.1,0.1,0,0.1,0.1,0,0.1,0.1,0,0.1,0.1,0,0.1,0.1,0,0.1,0.1,0,0.1,0.1,0,0.1,0.1,0,0.1,0.1,0,0.1,0.1,0,0.1,0.1,0,0.1,0.1,0,-0.05218665,-0.29523137,19.86,23.12,0.5253304,0.510912,0.8266902,1.0323078,1.3033375,0.9399091,"23.29147","24.90628","26.02404","26.56647","24.06362","25.43602","26.62013","27.36120",1.091,1.108,0,6,2,2010
2010-07-01,0.1,0.1,9.2973244,0,0.1,0.1,0,0.1,0.1,0,0.1,0.1,0,0.1,0.1,0,0.1,0.1,0,0.1,0.1,0,0.1,0.1,0,0.1,0.1,0,0.1,0.1,0,0.1,0.1,0,0.1,0.1,0,0.1,0.1,0,0.1,0.1,0,0.1,0.1,0,0.1,0.1,0,0.1,0.1,0,-0.13844839,-0.05218665,18.14,19.86,0.4191291,0.5253304,0.7871057,0.8266902,1.0323078,1.3033375,"22.71171","23.29147","24.90628","26.02404","23.01603","24.06362","25.43602","26.62013",0.979,1.091,0,7,3,2010
2010-08-01,0.1,0.1,0.1,0,0.1,0.1,0,0.1,0.1,0,0.1,0.1,0,0.1,0.1,0,0.1,0.1,0,0.1,0.1,0,0.1,0.1,0,0.1,0.1,0,0.1,0.1,0,0.1,0.1,0,0.1,0.1,0,0.1,0.1,0,0.1,0.1,0,0.1,0.1,0,0.1,0.1,0,0.1,0.1,0,-0.05873639,-0.13844839,17.36,18.14,0.5284049,0.4191291,0.7184766,0.7871057,0.8266902,1.0323078,"22.64495","22.71171","23.29147","24.90628","23.05885","23.01603","24.06362","25.43602",1.038,0.979,0,8,3,2010
2010-09-01,NA,0.1,0.1,NA,NA,0.1,NA,NA,0.1,NA,NA,0.1,NA,NA,0.1,NA,NA,0.1,NA,NA,0.1,NA,NA,0.1,NA,NA,0.1,NA,NA,0.1,NA,NA,0.1,NA,NA,0.1,NA,NA,0.1,NA,NA,0.1,NA,NA,0.1,NA,NA,0.1,NA,NA,0.1,NA,-0.12080634,-0.05873639,17.71,17.36,0.5456918,0.5284049,0.6071454,0.7184766,0.7871057,0.8266902,"22.37157","22.64495","22.71171","23.29147","24.07702","23.05885","23.01603","24.06362",0.98,1.038,0,9,3,2010
2010-10-01,NA,NA,0.1,NA,NA,NA,NA,NA,NA,NA,NA,NA,NA,NA,NA,NA,NA,NA,NA,NA,NA,NA,NA,NA,NA,NA,NA,NA,NA,NA,NA,NA,NA,NA,NA,NA,NA,NA,NA,NA,NA,NA,NA,NA,NA,NA,NA,NA,NA,NA,NA,NA,-0.21031947,-0.12080634,18.53,17.71,0.9762834,0.5456918,0.6757834,0.6071454,0.7184766,0.7871057,"23.17742","22.37157","22.64495","22.71171","24.98207","24.07702","23.05885","23.01603",0.919,0.98,0,10,4,2010
2010-11-01,NA,NA,NA,NA,NA,NA,NA,NA,NA,NA,NA,NA,NA,NA,NA,NA,NA,NA,NA,NA,NA,NA,NA,NA,NA,NA,NA,NA,NA,NA,NA,NA,NA,NA,NA,NA,NA,NA,NA,NA,NA,NA,NA,NA,NA,NA,NA,NA,NA,NA,NA,NA,-0.17367379,-0.21031947,19.95,18.53,0.3700005,0.9762834,0.6323375,0.6757834,0.6071454,0.7184766,"24.16061","23.17742","22.37157","22.64495","25.08693","24.98207","24.07702","23.05885",0.937,0.919,0,11,4,2010
2010-12-01,0.1,NA,NA,NA,0.1,NA,NA,0.1,NA,NA,0.1,NA,NA,0.1,NA,NA,0.1,NA,NA,0.1,NA,NA,0.1,NA,NA,0.1,NA,NA,0.1,NA,NA,0.1,NA,NA,0.1,NA,NA,0.1,NA,NA,0.1,NA,NA,0.1,NA,NA,0.1,NA,NA,0.1,NA,NA,-0.09596898,-0.17367379,19.55,19.95,1.7565262,0.3700005,0.5955373,0.6323375,0.6757834,0.6071454,"24.85541","24.16061","23.17742","22.37157","25.95423","25.08693","24.98207","24.07702",0.981,0.937,1,12,4,2010
2011-01-01,2.3296544,0.1,NA,3.148305,0.1,0.1,0,0.1,0.1,0,0.1,0.1,0,2.0509476,0.1,3.02088702,0.1,0.1,0,0.1,0.1,0,0.1,0.1,0,0.1,0.1,0,0.1,0.1,0,0.1,0.1,0,0.1,0.1,0,0.1,0.1,0,0.1,0.1,0,0.1,0.1,0,0.1,0.1,0,0.1,0.1,0,-0.37025994,-0.09596898,23.86,19.55,0.3778992,1.7565262,0.7772157,0.5955373,0.6323375,0.6757834,"26.95940","24.85541","24.16061","23.17742","27.68757","25.95423","25.08693","24.98207",0.966,0.981,1,1,1,2011
2011-02-01,3.1657748,2.3296544,0.1,0.3066779,0.6574136,0.1,1.8831432,0.1,0.1,0,0.1,0.1,0,5.3954292,2.0509476,0.96725022,0.1,0.1,0,0.1,0.1,0,0.1,0.1,0,0.1,0.1,0,0.1,0.1,0,0.1,0.1,0,0.1,0.1,0,0.1,0.1,0,0.1,0.1,0,0.1,0.1,0,0.1,0.1,0,0.1,0.1,0,-0.29281846,-0.37025994,24.12,23.86,0.1443253,0.3778992,1.0088501,0.7772157,0.5955373,0.6323375,"27.21641","26.95940","24.85541","24.16061","27.56346","27.68757","25.95423","25.08693",1.02,0.966,1,2,1,2011
2011-03-01,2.3296544,3.1657748,2.3296544,-0.3066779,0.1,0.6574136,-1.8831432,0.1,0.1,0,0.1,0.1,0,0.1,5.3954292,-3.98813725,0.1,0.1,0,0.1,0.1,0,0.1,0.1,0,0.1,0.1,0,0.1,0.1,0,0.1,0.1,0,0.1,0.1,0,0.1,0.1,0,0.1,0.1,0,0.1,0.1,0,0.1,0.1,0,0.1,0.1,0,-0.13973956,-0.29281846,23.18,24.12,0.1853169,0.1443253,1.0219972,1.0088501,0.7772157,0.5955373,"26.33080","27.21641","26.95940","24.85541","27.04701","27.56346","27.68757","25.95423",0.99,1.02,1,3,1,2011
2011-04-01,9.7153846,2.3296544,3.1657748,1.4279907,5.5347826,0.1,4.0136374,0.1,0.1,0,0.1,0.1,0,0.5180602,0.1,1.64492127,0.1,0.1,0,0.1,0.1,0,0.1,0.1,0,0.1,0.1,0,0.1,0.1,0,0.1,0.1,0,0.1,0.1,0,0.1,0.1,0,0.1,0.1,0,0.1,0.1,0,0.1,0.1,0,0.1,0.1,0,-0.1842379,-0.13973956,23.27,23.18,0.2696231,0.1853169,1.1760668,1.0219972,1.0088501,0.7772157,"25.31648","26.33080","27.21641","26.95940","25.92274","27.04701","27.56346","27.68757",1.062,0.99,1,4,2,2011
2011-05-01,0.5180602,9.7153846,2.3296544,-2.9313745,0.1,5.5347826,-4.0136374,0.1,0.1,0,0.1,0.1,0,0.1,0.5180602,-1.64492127,0.1,0.1,0,0.1,0.1,0,0.1,0.1,0,0.1,0.1,0,0.1,0.1,0,0.1,0.1,0,0.1,0.1,0,0.1,0.1,0,0.1,0.1,0,0.1,0.1,0,0.1,0.1,0,0.1,0.1,0,-0.15988177,-0.1842379,20.75,23.27,0.5213499,0.2696231,0.893452,1.1760668,1.0219972,1.0088501,"23.83094","25.31648","26.33080","27.21641","24.44801","25.92274","27.04701","27.56346",1.113,1.062,1,5,2,2011
2011-06-01,0.1,0.5180602,9.7153846,-1.6449213,0.1,0.1,0,0.1,0.1,0,0.1,0.1,0,0.1,0.1,0,0.1,0.1,0,0.1,0.1,0,0.1,0.1,0,0.1,0.1,0,0.1,0.1,0,0.1,0.1,0,0.1,0.1,0,0.1,0.1,0,0.1,0.1,0,0.1,0.1,0,0.1,0.1,0,0.1,0.1,0,-0.12079461,-0.15988177,19.62,20.75,0.4923314,0.5213499,0.8321607,0.893452,1.1760668,1.0219972,"22.58577","23.83094","25.31648","26.33080","23.02822","24.44801","25.92274","27.04701",1.071,1.113,0,6,2,2011
2011-07-01,0.1,0.1,0.5180602,0,0.1,0.1,0,0.1,0.1,0,0.1,0.1,0,0.1,0.1,0,0.1,0.1,0,0.1,0.1,0,0.1,0.1,0,0.1,0.1,0,0.1,0.1,0,0.1,0.1,0,0.1,0.1,0,0.1,0.1,0,0.1,0.1,0,0.1,0.1,0,0.1,0.1,0,0.1,0.1,0,-0.25067434,-0.12079461,19.29,19.62,0.5420172,0.4923314,0.686399,0.8321607,0.893452,1.1760668,"21.56213","22.58577","23.83094","25.31648","22.21323","23.02822","24.44801","25.92274",1.028,1.071,0,7,3,2011
2011-08-01,0.1,0.1,0.1,0,0.1,0.1,0,0.1,0.1,0,0.1,0.1,0,0.1,0.1,0,0.1,0.1,0,0.1,0.1,0,0.1,0.1,0,0.1,0.1,0,0.1,0.1,0,0.1,0.1,0,0.1,0.1,0,0.1,0.1,0,0.1,0.1,0,0.1,0.1,0,0.1,0.1,0,0.1,0.1,0,-0.12874116,-0.25067434,17.73,19.29,0.6369021,0.5420172,0.6914375,0.686399,0.8321607,0.893452,"20.89681","21.56213","22.58577","23.83094","21.70174","22.21323","23.02822","24.44801",0.966,1.028,0,8,3,2011
2011-09-01,NA,0.1,0.1,NA,NA,0.1,NA,NA,0.1,NA,NA,0.1,NA,NA,0.1,NA,NA,0.1,NA,NA,0.1,NA,NA,0.1,NA,NA,0.1,NA,NA,0.1,NA,NA,0.1,NA,NA,0.1,NA,NA,0.1,NA,NA,0.1,NA,NA,0.1,NA,NA,0.1,NA,NA,0.1,NA,-0.05013252,-0.12874116,17.5,17.73,1.2411289,0.6369021,0.6834432,0.6914375,0.686399,0.8321607,"21.59845","20.89681","21.56213","22.58577","21.83205","21.70174","22.21323","23.02822",0.957,0.966,0,9,3,2011
2011-10-01,0.1,NA,0.1,NA,0.1,NA,NA,0.1,NA,NA,0.1,NA,NA,0.1,NA,NA,0.1,NA,NA,0.1,NA,NA,0.1,NA,NA,0.1,NA,NA,0.1,NA,NA,0.1,NA,NA,0.1,NA,NA,0.1,NA,NA,0.1,NA,NA,0.1,NA,NA,0.1,NA,NA,0.1,NA,NA,-0.22022626,-0.05013252,18.6,17.5,1.5722537,1.2411289,0.7082999,0.6834432,0.6914375,0.686399,"22.29780","21.59845","20.89681","21.56213","23.03357","21.83205","21.70174","22.21323",0.939,0.957,0,10,4,2011
2011-11-01,0.1,0.1,NA,0,0.1,0.1,0,0.1,0.1,0,0.1,0.1,0,0.1,0.1,0,0.1,0.1,0,0.1,0.1,0,0.1,0.1,0,0.1,0.1,0,0.1,0.1,0,0.1,0.1,0,0.1,0.1,0,0.1,0.1,0,0.1,0.1,0,0.1,0.1,0,0.1,0.1,0,0.1,0.1,0,-0.21659926,-0.22022626,19.53,18.6,0.3854769,1.5722537,0.6074333,0.7082999,0.6834432,0.6914375,"24.28769","22.29780","21.59845","20.89681","25.11518","23.03357","21.83205","21.70174",0.984,0.939,0,11,4,2011
2011-12-01,NA,0.1,0.1,NA,NA,0.1,NA,NA,0.1,NA,NA,0.1,NA,NA,0.1,NA,NA,0.1,NA,NA,0.1,NA,NA,0.1,NA,NA,0.1,NA,NA,0.1,NA,NA,0.1,NA,NA,0.1,NA,NA,0.1,NA,NA,0.1,NA,NA,0.1,NA,NA,0.1,NA,NA,0.1,NA,-0.02283019,-0.21659926,20.77,19.53,0.1747905,0.3854769,0.6808662,0.6074333,0.7082999,0.6834432,"25.01740","24.28769","22.29780","21.59845","26.28436","25.11518","23.03357","21.83205",0.967,0.984,1,12,4,2011
2012-01-01,24.3474916,NA,0.1,NA,7.06767,NA,NA,0.1,NA,NA,2.0509476,NA,NA,2.3296544,NA,NA,3.1657748,NA,NA,0.1,NA,NA,0.3787068,NA,NA,0.1,NA,NA,0.1,NA,NA,0.1,NA,NA,0.1,NA,NA,0.1,NA,NA,0.1,NA,NA,0.1,NA,NA,0.1,NA,NA,0.1,NA,NA,-0.29230863,-0.02283019,22.48,20.77,0.1634844,0.1747905,0.7773302,0.6808662,0.6074333,0.7082999,"25.47197","25.01740","24.28769","22.29780","26.94081","26.28436","25.11518","23.03357",0.961,0.967,1,1,1,2012
2012-02-01,13.6869565,24.3474916,NA,-0.5759855,1.9812709,7.06767,-1.2717924,0.1,0.1,0,0.3090301,2.0509476,-1.8926185,2.190301,2.3296544,-0.06168095,0.1,3.1657748,-3.454983,0.1,0.1,0,0.1,0.3787068,-1.33159211,0.3090301,0.1,1.1282685,0.5180602,0.1,1.6449213,0.1,0.1,0,0.1,0.1,0,0.1,0.1,0,0.3090301,0.1,1.128268,0.1,0.1,0,0.1,0.1,0,0.1,0.1,0,-0.44563657,-0.29230863,22.62,22.48,0.2794192,0.1634844,0.8220814,0.7773302,0.6808662,0.6074333,"27.05405","25.47197","25.01740","24.28769","27.86193","26.94081","26.28436","25.11518",0.976,0.961,1,2,1,2012
2012-03-01,8.461204,13.6869565,24.3474916,-0.4809518,0.9361204,1.9812709,-0.7497497,0.1,0.1,0,0.1,0.3090301,-1.1282685,0.5180602,2.190301,-1.44170281,0.1,0.1,0,0.1,0.1,0,0.1,0.1,0,0.9361204,0.3090301,1.1083054,0.1,0.5180602,-1.6449213,0.1,0.1,0,0.1,0.1,0,0.1,0.1,0,0.1,0.3090301,-1.128268,0.1,0.1,0,0.1,0.1,0,0.1,0.1,0,-0.13858925,-0.44563657,21.69,22.62,0.4426426,0.2794192,1.0182822,0.8220814,0.7773302,0.6808662,"25.92299","27.05405","25.47197","25.01740","27.05034","27.86193","26.94081","26.28436",1.016,0.976,1,3,1,2012
2012-04-01,30.6183946,8.461204,13.6869565,1.2861095,1.3541806,0.9361204,0.3692077,0.1,0.1,0,0.1,0.1,0,0.1,0.5180602,-1.64492127,0.1,0.1,0,0.1,0.1,0,0.1,0.1,0,0.1,0.9361204,-2.2365739,0.1,0.1,0,0.1,0.1,0,0.1,0.1,0,0.1,0.1,0,0.1,0.1,0,0.1,0.1,0,0.1,0.1,0,0.1,0.1,0,-0.13715723,-0.13858925,22.41,21.69,0.3781665,0.4426426,1.0223647,1.0182822,0.8220814,0.7773302,"25.75383","25.92299","27.05405","25.47197","26.25393","27.05034","27.86193","26.94081",1.061,1.016,1,4,2,2012
2012-05-01,5.5347826,30.6183946,8.461204,-1.7105487,0.5180602,1.3541806,-0.9608604,0.1,0.1,0,0.1,0.1,0,0.1,0.1,0,0.1,0.1,0,0.1,0.1,0,0.1,0.1,0,0.1,0.1,0,0.1,0.1,0,0.1,0.1,0,0.1,0.1,0,0.1,0.1,0,0.1,0.1,0,0.1,0.1,0,0.1,0.1,0,0.1,0.1,0,-0.27231902,-0.13715723,21.4,22.41,0.5688212,0.3781665,0.8338046,1.0223647,1.0182822,0.8220814,"24.28184","25.75383","25.92299","27.05405","25.13933","26.25393","27.05034","27.86193",1.052,1.061,1,5,2,2012
2012-06-01,0.1,5.5347826,30.6183946,-4.0136374,0.1,0.5180602,-1.6449213,0.1,0.1,0,0.1,0.1,0,0.1,0.1,0,0.1,0.1,0,0.1,0.1,0,0.1,0.1,0,0.1,0.1,0,0.1,0.1,0,0.1,0.1,0,0.1,0.1,0,0.1,0.1,0,0.1,0.1,0,0.1,0.1,0,0.1,0.1,0,0.1,0.1,0,-0.09686105,-0.27231902,19.07,21.4,1.6569581,0.5688212,1.1342179,0.8338046,1.0223647,1.0182822,"22.84018","24.28184","25.75383","25.92299","23.05929","25.13933","26.25393","27.05034",1.015,1.052,0,6,2,2012
2012-07-01,NA,0.1,5.5347826,NA,NA,0.1,NA,NA,0.1,NA,NA,0.1,NA,NA,0.1,NA,NA,0.1,NA,NA,0.1,NA,NA,0.1,NA,NA,0.1,NA,NA,0.1,NA,NA,0.1,NA,NA,0.1,NA,NA,0.1,NA,NA,0.1,NA,NA,0.1,NA,NA,0.1,NA,NA,0.1,NA,-0.1266166,-0.09686105,18.88,19.07,0.5467199,1.6569581,0.8411424,1.1342179,0.8338046,1.0223647,"21.83346","22.84018","24.28184","25.75383","22.32188","23.05929","25.13933","26.25393",0.959,1.015,0,7,3,2012
2012-08-01,NA,NA,0.1,NA,NA,NA,NA,NA,NA,NA,NA,NA,NA,NA,NA,NA,NA,NA,NA,NA,NA,NA,NA,NA,NA,NA,NA,NA,NA,NA,NA,NA,NA,NA,NA,NA,NA,NA,NA,NA,NA,NA,NA,NA,NA,NA,NA,NA,NA,NA,NA,NA,-0.07205889,-0.1266166,18.31,18.88,3.7226369,0.5467199,0.7100454,0.8411424,1.1342179,0.8338046,"21.50152","21.83346","22.84018","24.28184","21.70806","22.32188","23.05929","25.13933",0.974,0.959,0,8,3,2012
2012-09-01,NA,NA,NA,NA,NA,NA,NA,NA,NA,NA,NA,NA,NA,NA,NA,NA,NA,NA,NA,NA,NA,NA,NA,NA,NA,NA,NA,NA,NA,NA,NA,NA,NA,NA,NA,NA,NA,NA,NA,NA,NA,NA,NA,NA,NA,NA,NA,NA,NA,NA,NA,NA,-0.24408938,-0.07205889,17.71,18.31,0.3710747,3.7226369,0.6710724,0.7100454,0.8411424,1.1342179,"22.20681","21.50152","21.83346","22.84018","22.70912","21.70806","22.32188","23.05929",0.94,0.974,0,9,3,2012
2012-10-01,NA,NA,NA,NA,NA,NA,NA,NA,NA,NA,NA,NA,NA,NA,NA,NA,NA,NA,NA,NA,NA,NA,NA,NA,NA,NA,NA,NA,NA,NA,NA,NA,NA,NA,NA,NA,NA,NA,NA,NA,NA,NA,NA,NA,NA,NA,NA,NA,NA,NA,NA,NA,-0.10515974,-0.24408938,18.5,17.71,0.4996039,0.3710747,0.5935309,0.6710724,0.7100454,0.8411424,"22.83304","22.20681","21.50152","21.83346","23.91368","22.70912","21.70806","22.32188",0.946,0.94,0,10,4,2012
2012-11-01,NA,NA,NA,NA,NA,NA,NA,NA,NA,NA,NA,NA,NA,NA,NA,NA,NA,NA,NA,NA,NA,NA,NA,NA,NA,NA,NA,NA,NA,NA,NA,NA,NA,NA,NA,NA,NA,NA,NA,NA,NA,NA,NA,NA,NA,NA,NA,NA,NA,NA,NA,NA,-0.16464736,-0.10515974,19.24,18.5,0.425699,0.4996039,0.6800292,0.5935309,0.6710724,0.7100454,"24.17207","22.83304","22.20681","21.50152","24.98860","23.91368","22.70912","21.70806",0.926,0.946,0,11,4,2012
2012-12-01,NA,NA,NA,NA,NA,NA,NA,NA,NA,NA,NA,NA,NA,NA,NA,NA,NA,NA,NA,NA,NA,NA,NA,NA,NA,NA,NA,NA,NA,NA,NA,NA,NA,NA,NA,NA,NA,NA,NA,NA,NA,NA,NA,NA,NA,NA,NA,NA,NA,NA,NA,NA,-0.11575905,-0.16464736,21.02,19.24,0.2458045,0.425699,0.7560187,0.6800292,0.5935309,0.6710724,"25.88472","24.17207","22.83304","22.20681","26.57687","24.98860","23.91368","22.70912",0.982,0.926,1,12,4,2012
2013-01-01,8.461204,NA,NA,NA,0.1,NA,NA,0.1,NA,NA,0.1,NA,NA,0.1,NA,NA,0.1,NA,NA,0.1,NA,NA,0.1,NA,NA,0.1,NA,NA,0.1,NA,NA,0.1,NA,NA,0.1,NA,NA,0.1,NA,NA,0.1,NA,NA,0.1,NA,NA,0.1,NA,NA,0.1,NA,NA,-0.02551817,-0.11575905,21.83,21.02,0.2302527,0.2458045,0.7260306,0.7560187,0.6800292,0.5935309,"26.77849","25.88472","24.17207","22.83304","27.34922","26.57687","24.98860","23.91368",1.011,0.982,1,1,1,2013
2013-02-01,5.3954292,8.461204,NA,-0.4499393,0.1,0.1,0,0.1,0.1,0,0.3787068,0.1,1.3315921,0.1,0.1,0,0.1,0.1,0,0.1,0.1,0,0.3787068,0.1,1.33159211,0.1,0.1,0,0.3787068,0.1,1.3315921,0.1,0.1,0,0.1,0.1,0,0.1,0.1,0,0.1,0.1,0,0.1,0.1,0,0.1,0.1,0,0.1,0.1,0,-0.18752961,-0.02551817,22.85,21.83,0.470503,0.2302527,0.6641876,0.7260306,0.7560187,0.6800292,"26.84000","26.77849","25.88472","24.17207","27.46216","27.34922","26.57687","24.98860",0.95,1.011,1,2,1,2013
2013-03-01,80.9946488,5.3954292,8.461204,2.7088309,15.9862876,0.1,5.0743164,0.1,0.1,0,0.1,0.3787068,-1.3315921,1.1451505,0.1,2.43812116,0.1,0.1,0,0.1,0.1,0,0.7270903,0.3787068,0.65228839,0.1,0.1,0,1.1451505,0.3787068,1.1065291,0.1,0.1,0,0.1,0.1,0,0.1,0.1,0,0.1,0.1,0,0.1,0.1,0,0.1,0.1,0,0.1,0.1,0,-0.1167333,-0.18752961,24.34,22.85,0.5332482,0.470503,0.9709635,0.6641876,0.7260306,0.7560187,"26.01762","26.84000","26.77849","25.88472","26.59466","27.46216","27.34922","26.57687",1.049,0.95,1,3,1,2013
2013-04-01,57.7923077,80.9946488,5.3954292,-0.3375274,3.4444816,15.9862876,-1.5349579,0.1,0.1,0,0.1,0.1,0,2.190301,1.1451505,0.64850291,0.1,0.1,0,0.1,0.1,0,0.5180602,0.7270903,-0.33895923,0.1,0.1,0,0.1,1.1451505,-2.4381212,0.1,0.1,0,0.1,0.1,0,0.1,0.1,0,0.1,0.1,0,0.1,0.1,0,0.1,0.1,0,0.1,0.1,0,-0.07771656,-0.1167333,22.59,24.34,0.4006309,0.5332482,0.9715179,0.9709635,0.6641876,0.7260306,"25.52694","26.01762","26.84000","26.77849","26.03378","26.59466","27.46216","27.34922",1.141,1.049,1,4,2,2013
2013-05-01,12.2237458,57.7923077,80.9946488,-1.5534752,1.3541806,3.4444816,-0.9335769,0.1,0.1,0,0.1,0.1,0,0.1,2.190301,-3.08662407,0.1,0.1,0,0.1,0.1,0,0.5180602,0.5180602,0,0.1,0.1,0,0.1,0.1,0,0.1,0.1,0,0.1,0.1,0,0.1,0.1,0,0.5180602,0.1,1.644921,0.1,0.1,0,0.1,0.1,0,0.1,0.1,0,-0.15141876,-0.07771656,21.99,22.59,0.5634405,0.4006309,0.928118,0.9715179,0.9709635,0.6641876,"24.45575","25.52694","26.01762","26.84000","24.73288","26.03378","26.59466","27.46216",1.096,1.141,1,5,2,2013
2013-06-01,0.1,12.2237458,57.7923077,-4.8059655,0.1,1.3541806,-2.6057816,0.1,0.1,0,0.1,0.1,0,0.1,0.1,0,0.1,0.1,0,0.1,0.1,0,0.1,0.5180602,-1.64492127,0.1,0.1,0,0.1,0.1,0,0.1,0.1,0,0.1,0.1,0,0.1,0.1,0,0.1,0.5180602,-1.644921,0.1,0.1,0,0.1,0.1,0,0.1,0.1,0,-0.10139188,-0.15141876,19.81,21.99,0.2890064,0.5634405,0.8305008,0.928118,0.9715179,0.9709635,"22.92028","24.45575","25.52694","26.01762","23.93990","24.73288","26.03378","26.59466",1.124,1.096,0,6,2,2013
2013-07-01,0.1,0.1,12.2237458,0,0.1,0.1,0,0.1,0.1,0,0.1,0.1,0,0.1,0.1,0,0.1,0.1,0,0.1,0.1,0,0.1,0.1,0,0.1,0.1,0,0.1,0.1,0,0.1,0.1,0,0.1,0.1,0,0.1,0.1,0,0.1,0.1,0,0.1,0.1,0,0.1,0.1,0,0.1,0.1,0,-0.05677617,-0.10139188,18.49,19.81,0.5737634,0.2890064,0.7270464,0.8305008,0.928118,0.9715179,"22.09533","22.92028","24.45575","25.52694","22.98985","23.93990","24.73288","26.03378",1.007,1.124,0,7,3,2013
2013-08-01,NA,0.1,0.1,NA,NA,0.1,NA,NA,0.1,NA,NA,0.1,NA,NA,0.1,NA,NA,0.1,NA,NA,0.1,NA,NA,0.1,NA,NA,0.1,NA,NA,0.1,NA,NA,0.1,NA,NA,0.1,NA,NA,0.1,NA,NA,0.1,NA,NA,0.1,NA,NA,0.1,NA,NA,0.1,NA,-0.07899599,-0.05677617,18.02,18.49,0.4309553,0.5737634,0.7611202,0.7270464,0.8305008,0.928118,"21.98657","22.09533","22.92028","24.45575","22.64700","22.98985","23.93990","24.73288",1.029,1.007,0,8,3,2013
2013-09-01,NA,NA,0.1,NA,NA,NA,NA,NA,NA,NA,NA,NA,NA,NA,NA,NA,NA,NA,NA,NA,NA,NA,NA,NA,NA,NA,NA,NA,NA,NA,NA,NA,NA,NA,NA,NA,NA,NA,NA,NA,NA,NA,NA,NA,NA,NA,NA,NA,NA,NA,NA,NA,-0.23908904,-0.07899599,19.38,18.02,0.52711,0.4309553,0.7071737,0.7611202,0.7270464,0.8305008,"22.28488","21.98657","22.09533","22.92028","23.03352","22.64700","22.98985","23.93990",0.981,1.029,0,9,3,2013
2013-10-01,0.1,NA,NA,NA,0.1,NA,NA,0.1,NA,NA,0.1,NA,NA,0.1,NA,NA,0.1,NA,NA,0.1,NA,NA,0.1,NA,NA,0.1,NA,NA,0.1,NA,NA,0.1,NA,NA,0.1,NA,NA,0.1,NA,NA,0.1,NA,NA,0.1,NA,NA,0.1,NA,NA,0.1,NA,NA,-0.04864181,-0.23908904,20.06,19.38,0.43293,0.52711,0.7046428,0.7071737,0.7611202,0.7270464,"23.84125","22.28488","21.98657","22.09533","24.27698","23.03352","22.64700","22.98985",1.075,0.981,0,10,4,2013
2013-11-01,NA,0.1,NA,NA,NA,0.1,NA,NA,0.1,NA,NA,0.1,NA,NA,0.1,NA,NA,0.1,NA,NA,0.1,NA,NA,0.1,NA,NA,0.1,NA,NA,0.1,NA,NA,0.1,NA,NA,0.1,NA,NA,0.1,NA,NA,0.1,NA,NA,0.1,NA,NA,0.1,NA,NA,0.1,NA,-0.09987769,-0.04864181,20.18,20.06,0.423994,0.43293,0.7301439,0.7046428,0.7071737,0.7611202,"24.39708","23.84125","22.28488","21.98657","25.23096","24.27698","23.03352","22.64700",0.977,1.075,0,11,4,2013
2013-12-01,NA,NA,0.1,NA,NA,NA,NA,NA,NA,NA,NA,NA,NA,NA,NA,NA,NA,NA,NA,NA,NA,NA,NA,NA,NA,NA,NA,NA,NA,NA,NA,NA,NA,NA,NA,NA,NA,NA,NA,NA,NA,NA,NA,NA,NA,NA,NA,NA,NA,NA,NA,NA,-0.06629559,-0.09987769,21.49,20.18,3.549527,0.423994,0.7865817,0.7301439,0.7046428,0.7071737,"25.88524","24.39708","23.84125","22.28488","26.34575","25.23096","24.27698","23.03352",1.013,0.977,1,12,4,2013
2014-01-01,12.641806,NA,NA,NA,0.1,NA,NA,0.1,NA,NA,1.7722408,NA,NA,0.1,NA,NA,0.3787068,NA,NA,0.1,NA,NA,0.1,NA,NA,0.1,NA,NA,0.1,NA,NA,0.1,NA,NA,0.1,NA,NA,0.1,NA,NA,0.1,NA,NA,0.1,NA,NA,0.1,NA,NA,0.1,NA,NA,-0.33835638,-0.06629559,21.57,21.49,0.5330126,3.549527,0.7647669,0.7865817,0.7301439,0.7046428,"26.47280","25.88524","24.39708","23.84125","27.09192","26.34575","25.23096","24.27698",0.971,1.013,1,1,1,2014
2014-02-01,14.03534,12.641806,NA,0.1045692,0.1,0.1,0,0.1,0.1,0,0.1,1.7722408,-2.8748298,0.1,0.1,0,0.3787068,0.3787068,0,0.1,0.1,0,0.1,0.1,0,0.1,0.1,0,0.1,0.1,0,0.1,0.1,0,0.1,0.1,0,0.1,0.1,0,0.1,0.1,0,0.1,0.1,0,0.1,0.1,0,0.1,0.1,0,-0.22794673,-0.33835638,20.93,21.57,0.3313517,0.5330126,0.9606379,0.7647669,0.7865817,0.7301439,"26.36087","26.47280","25.88524","24.39708","26.86624","27.09192","26.34575","25.23096",0.97,0.971,1,2,1,2014
2014-03-01,19.8881828,14.03534,12.641806,0.3485473,2.3296544,0.1,3.148305,0.1,0.1,0,6.2315496,0.1,4.1322101,3.4444816,0.1,3.53935851,0.1,0.3787068,-1.331592,0.1,0.1,0,1.493534,0.1,2.70373022,0.1,0.1,0,0.6574136,0.1,1.8831432,0.1,0.1,0,0.1,0.1,0,0.1,0.1,0,0.3787068,0.1,1.331592,0.1,0.1,0,0.1,0.1,0,0.1,0.1,0,-0.27647421,-0.22794673,22.94,20.93,0.3855548,0.3313517,0.6980438,0.9606379,0.7647669,0.7865817,"26.32632","26.36087","26.47280","25.88524","26.51838","26.86624","27.09192","26.34575",0.95,0.97,1,3,1,2014
2014-04-01,16.822408,19.8881828,14.03534,-0.1674139,0.1,2.3296544,-3.148305,0.1,0.1,0,2.3993311,6.2315496,-0.954435,1.9812709,3.4444816,-0.55303491,0.1,0.1,0,0.1,0.1,0,0.3090301,1.493534,-1.57546172,0.1,0.1,0,1.5632107,0.6574136,0.8661838,0.1,0.1,0,0.1,0.1,0,0.1,0.1,0,0.1,0.3787068,-1.331592,0.1,0.1,0,0.1,0.1,0,0.1,0.1,0,-0.13160521,-0.27647421,23.42,22.94,0.3740839,0.3855548,0.903284,0.6980438,0.9606379,0.7647669,"25.89167","26.32632","26.36087","26.47280","26.43364","26.51838","26.86624","27.09192",1.024,0.95,1,4,2,2014
2014-05-01,41.9060201,16.822408,19.8881828,0.9127177,0.1,0.1,0,0.1,0.1,0,0.1,2.3993311,-3.1777751,0.1,1.9812709,-2.9863236,0.1,0.1,0,0.1,0.1,0,0.1,0.3090301,-1.1282685,0.1,0.1,0,0.1,1.5632107,-2.7493269,0.1,0.1,0,0.1,0.1,0,0.1,0.1,0,0.1,0.1,0,0.1,0.1,0,0.1,0.1,0,0.1,0.1,0,-0.06870186,-0.13160521,22.74,23.42,0.3518062,0.3740839,1.287785,0.903284,0.6980438,0.9606379,"24.50001","25.89167","26.32632","26.36087","25.07891","26.43364","26.51838","26.86624",1.095,1.024,1,5,2,2014
2014-06-01,NA,41.9060201,16.822408,NA,NA,0.1,NA,NA,0.1,NA,NA,0.1,NA,NA,0.1,NA,NA,0.1,NA,NA,0.1,NA,NA,0.1,NA,NA,0.1,NA,NA,0.1,NA,NA,0.1,NA,NA,0.1,NA,NA,0.1,NA,NA,0.1,NA,NA,0.1,NA,NA,0.1,NA,NA,0.1,NA,-0.17313385,-0.06870186,20.1,22.74,0.4192102,0.3518062,1.0162617,1.287785,0.903284,0.6980438,"23.36080","24.50001","25.89167","26.32632","23.93454","25.07891","26.43364","26.51838",1.121,1.095,0,6,2,2014
2014-07-01,0.1,NA,41.9060201,NA,0.1,NA,NA,0.1,NA,NA,0.1,NA,NA,0.1,NA,NA,0.1,NA,NA,0.1,NA,NA,0.1,NA,NA,0.1,NA,NA,0.1,NA,NA,0.1,NA,NA,0.1,NA,NA,0.1,NA,NA,0.1,NA,NA,0.1,NA,NA,0.1,NA,NA,0.1,NA,NA,0.040707,-0.17313385,18.32,20.1,0.352474,0.4192102,0.7399701,1.0162617,1.287785,0.903284,"22.20471","23.36080","24.50001","25.89167","22.78337","23.93454","25.07891","26.43364",1.06,1.121,0,7,3,2014
2014-08-01,0.1,0.1,NA,0,0.1,0.1,0,0.1,0.1,0,0.1,0.1,0,0.1,0.1,0,0.1,0.1,0,0.1,0.1,0,0.1,0.1,0,0.1,0.1,0,0.1,0.1,0,0.1,0.1,0,0.1,0.1,0,0.1,0.1,0,0.1,0.1,0,0.1,0.1,0,0.1,0.1,0,0.1,0.1,0,-0.13817842,0.040707,17.74,18.32,0.8309575,0.352474,0.6989164,0.7399701,1.0162617,1.287785,"21.72197","22.20471","23.36080","24.50001","22.22778","22.78337","23.93454","25.07891",0.943,1.06,0,8,3,2014
2014-09-01,0.1,0.1,0.1,0,0.1,0.1,0,0.1,0.1,0,0.1,0.1,0,0.1,0.1,0,0.1,0.1,0,0.1,0.1,0,0.1,0.1,0,0.1,0.1,0,0.1,0.1,0,0.1,0.1,0,0.1,0.1,0,0.1,0.1,0,0.1,0.1,0,0.1,0.1,0,0.1,0.1,0,0.1,0.1,0,-0.07653103,-0.13817842,18.36,17.74,0.4579201,0.8309575,0.6401692,0.6989164,0.7399701,1.0162617,"22.12840","21.72197","22.20471","23.36080","22.37619","22.22778","22.78337","23.93454",1,0.943,0,9,3,2014
2014-10-01,NA,0.1,0.1,NA,NA,0.1,NA,NA,0.1,NA,NA,0.1,NA,NA,0.1,NA,NA,0.1,NA,NA,0.1,NA,NA,0.1,NA,NA,0.1,NA,NA,0.1,NA,NA,0.1,NA,NA,0.1,NA,NA,0.1,NA,NA,0.1,NA,NA,0.1,NA,NA,0.1,NA,NA,0.1,NA,-0.18211333,-0.07653103,19.24,18.36,0.411859,0.4579201,0.6709983,0.6401692,0.6989164,0.7399701,"23.01910","22.12840","21.72197","22.20471","23.51024","22.37619","22.22778","22.78337",0.97,1,0,10,4,2014
2014-11-01,NA,NA,0.1,NA,NA,NA,NA,NA,NA,NA,NA,NA,NA,NA,NA,NA,NA,NA,NA,NA,NA,NA,NA,NA,NA,NA,NA,NA,NA,NA,NA,NA,NA,NA,NA,NA,NA,NA,NA,NA,NA,NA,NA,NA,NA,NA,NA,NA,NA,NA,NA,NA,-0.15398936,-0.18211333,20.47,19.24,0.1792348,0.411859,0.7152151,0.6709983,0.6401692,0.6989164,"24.66998","23.01910","22.12840","21.72197","25.08714","23.51024","22.37619","22.22778",0.994,0.97,0,11,4,2014
2014-12-01,NA,NA,NA,NA,NA,NA,NA,NA,NA,NA,NA,NA,NA,NA,NA,NA,NA,NA,NA,NA,NA,NA,NA,NA,NA,NA,NA,NA,NA,NA,NA,NA,NA,NA,NA,NA,NA,NA,NA,NA,NA,NA,NA,NA,NA,NA,NA,NA,NA,NA,NA,NA,-0.17325123,-0.15398936,21.24,20.47,0.8355407,0.1792348,0.752392,0.7152151,0.6709983,0.6401692,"26.28152","24.66998","23.01910","22.12840","26.78909","25.08714","23.51024","22.37619",1.015,0.994,1,12,4,2014
2015-01-01,2.6083612,NA,NA,NA,1.2148272,NA,NA,0.1,NA,NA,0.1,NA,NA,0.1,NA,NA,0.1,NA,NA,0.1,NA,NA,0.1,NA,NA,0.1,NA,NA,0.1,NA,NA,0.1,NA,NA,0.1,NA,NA,0.1,NA,NA,0.1,NA,NA,0.1,NA,NA,0.1,NA,NA,0.1,NA,NA,-0.13772064,-0.17325123,23.04,21.24,0.2246272,0.8355407,0.7509031,0.752392,0.7152151,0.6709983,"26.94392","26.28152","24.66998","23.01910","27.70095","26.78909","25.08714","23.51024",1.003,1.015,1,1,1,2015
2015-02-01,22.9539576,2.6083612,NA,2.1747682,2.6083612,1.2148272,0.7641203,0.1,0.1,0,0.1,0.1,0,0.9361204,0.1,2.23657392,0.1,0.1,0,0.1,0.1,0,0.3787068,0.1,1.33159211,0.1,0.1,0,0.1,0.1,0,0.1,0.1,0,0.1,0.1,0,0.1,0.1,0,0.6574136,0.1,1.883143,0.1,0.1,0,0.1,0.1,0,0.9361204,0.1,2.236574,-0.47228056,-0.13772064,23.96,23.04,0.1739835,0.2246272,0.8719652,0.7509031,0.752392,0.7152151,"26.97588","26.94392","26.28152","24.66998","27.47445","27.70095","26.78909","25.08714",0.959,1.003,1,2,1,2015
2015-03-01,42.9093645,22.9539576,2.6083612,0.6255997,1.2705686,2.6083612,-0.7192576,0.1,0.1,0,0.1,0.1,0,1.2705686,0.9361204,0.30547566,0.1,0.1,0,0.1,0.1,0,0.2672241,0.3787068,-0.34867473,0.1,0.1,0,0.1,0.1,0,0.1,0.1,0,0.1,0.1,0,0.1,0.1,0,0.1,0.6574136,-1.883143,0.1,0.1,0,0.1,0.1,0,0.1,0.9361204,-2.236574,-0.28413907,-0.47228056,22.71,23.96,0.2633336,0.1739835,1.1103442,0.8719652,0.7509031,0.752392,"27.27019","26.97588","26.94392","26.28152","27.32033","27.47445","27.70095","26.78909",1.067,0.959,1,3,1,2015
2015-04-01,10.4121516,42.9093645,22.9539576,-1.4161165,0.3787068,1.2705686,-1.2104575,0.1,0.1,0,0.1,0.1,0,0.1,1.2705686,-2.54204958,0.1,0.1,0,0.1,0.1,0,0.3787068,0.2672241,0.34867473,0.1,0.1,0,0.1,0.1,0,0.1,0.1,0,0.1,0.1,0,0.1,0.1,0,0.1,0.1,0,0.1,0.1,0,0.1,0.1,0,0.1,0.1,0,0.01343988,-0.28413907,21.12,22.71,0.787186,0.2633336,1.172969,1.1103442,0.8719652,0.7509031,"25.99216","27.27019","26.97588","26.94392","26.71887","27.32033","27.47445","27.70095",1.062,1.067,1,4,2,2015
2015-05-01,2.3296544,10.4121516,42.9093645,-1.4972536,0.1,0.3787068,-1.3315921,0.1,0.1,0,0.1,0.1,0,0.1,0.1,0,0.1,0.1,0,0.1,0.1,0,0.1,0.3787068,-1.33159211,0.1,0.1,0,0.1,0.1,0,0.1,0.1,0,0.1,0.1,0,0.1,0.1,0,0.1,0.1,0,0.1,0.1,0,0.1,0.1,0,0.1,0.1,0,-0.13540828,0.01343988,20.52,21.12,1.7622399,0.787186,1.1730627,1.172969,1.1103442,0.8719652,"24.64427","25.99216","27.27019","26.97588","25.30964","26.71887","27.32033","27.47445",1.128,1.062,1,5,2,2015
2015-06-01,0.5180602,2.3296544,10.4121516,-1.5033838,0.1,0.1,0,0.1,0.1,0,0.1,0.1,0,0.1,0.1,0,0.1,0.1,0,0.1,0.1,0,0.1,0.1,0,0.1,0.1,0,0.1,0.1,0,0.1,0.1,0,0.1,0.1,0,0.1,0.1,0,0.1,0.1,0,0.1,0.1,0,0.1,0.1,0,0.1,0.1,0,-0.13558435,-0.13540828,20.02,20.52,0.6349615,1.7622399,0.9922936,1.1730627,1.172969,1.1103442,"23.30488","24.64427","25.99216","27.27019","23.93185","25.30964","26.71887","27.32033",1.046,1.128,0,6,2,2015
2015-07-01,0.1,0.5180602,2.3296544,-1.6449213,0.1,0.1,0,0.1,0.1,0,0.1,0.1,0,0.1,0.1,0,0.1,0.1,0,0.1,0.1,0,0.1,0.1,0,0.1,0.1,0,0.1,0.1,0,0.1,0.1,0,0.1,0.1,0,0.1,0.1,0,0.1,0.1,0,0.1,0.1,0,0.1,0.1,0,0.1,0.1,0,-0.08494709,-0.13558435,18.41,20.02,0.4811246,0.6349615,0.8232063,0.9922936,1.1730627,1.172969,"22.56066","23.30488","24.64427","25.99216","22.86490","23.93185","25.30964","26.71887",0.966,1.046,0,7,3,2015
2015-08-01,0.1,0.1,0.5180602,0,0.1,0.1,0,0.1,0.1,0,0.1,0.1,0,0.1,0.1,0,0.1,0.1,0,0.1,0.1,0,0.1,0.1,0,0.1,0.1,0,0.1,0.1,0,0.1,0.1,0,0.1,0.1,0,0.1,0.1,0,0.1,0.1,0,0.1,0.1,0,0.1,0.1,0,0.1,0.1,0,-0.1852943,-0.08494709,18.05,18.41,0.4659946,0.4811246,0.7358503,0.8232063,0.9922936,1.1730627,"21.82325","22.56066","23.30488","24.64427","22.34356","22.86490","23.93185","25.30964",0.939,0.966,0,8,3,2015
2015-09-01,NA,0.1,0.1,NA,NA,0.1,NA,NA,0.1,NA,NA,0.1,NA,NA,0.1,NA,NA,0.1,NA,NA,0.1,NA,NA,0.1,NA,NA,0.1,NA,NA,0.1,NA,NA,0.1,NA,NA,0.1,NA,NA,0.1,NA,NA,0.1,NA,NA,0.1,NA,NA,0.1,NA,NA,0.1,NA,-0.10399769,-0.1852943,19.33,18.05,0.3337217,0.4659946,0.5769844,0.7358503,0.8232063,0.9922936,"22.46554","21.82325","22.56066","23.30488","22.95926","22.34356","22.86490","23.93185",0.969,0.939,0,9,3,2015
2015-10-01,NA,NA,0.1,NA,NA,NA,NA,NA,NA,NA,NA,NA,NA,NA,NA,NA,NA,NA,NA,NA,NA,NA,NA,NA,NA,NA,NA,NA,NA,NA,NA,NA,NA,NA,NA,NA,NA,NA,NA,NA,NA,NA,NA,NA,NA,NA,NA,NA,NA,NA,NA,NA,-0.15997568,-0.10399769,20.42,19.33,0.2176126,0.3337217,0.6148719,0.5769844,0.7358503,0.8232063,"23.18151","22.46554","21.82325","22.56066","23.37226","22.95926","22.34356","22.86490",0.91,0.969,0,10,4,2015
2015-11-01,NA,NA,NA,NA,NA,NA,NA,NA,NA,NA,NA,NA,NA,NA,NA,NA,NA,NA,NA,NA,NA,NA,NA,NA,NA,NA,NA,NA,NA,NA,NA,NA,NA,NA,NA,NA,NA,NA,NA,NA,NA,NA,NA,NA,NA,NA,NA,NA,NA,NA,NA,NA,-0.15006891,-0.15997568,20.76,20.42,0.3267406,0.2176126,0.6643783,0.6148719,0.5769844,0.7358503,"24.71939","23.18151","22.46554","21.82325","25.48118","23.37226","22.95926","22.34356",0.948,0.91,0,11,4,2015
2015-12-01,NA,NA,NA,NA,NA,NA,NA,NA,NA,NA,NA,NA,NA,NA,NA,NA,NA,NA,NA,NA,NA,NA,NA,NA,NA,NA,NA,NA,NA,NA,NA,NA,NA,NA,NA,NA,NA,NA,NA,NA,NA,NA,NA,NA,NA,NA,NA,NA,NA,NA,NA,NA,-0.22681122,-0.15006891,20.4,20.76,0.6007142,0.3267406,0.6169949,0.6643783,0.6148719,0.5769844,"25.72747","24.71939","23.18151","22.46554","26.41567","25.48118","23.37226","22.95926",0.958,0.948,1,12,4,2015
2016-01-01,8.0431438,NA,NA,NA,2.190301,NA,NA,0.1,NA,NA,0.1,NA,NA,6.370903,NA,NA,0.1,NA,NA,0.1,NA,NA,0.1,NA,NA,0.1,NA,NA,0.9361204,NA,NA,0.1,NA,NA,0.1,NA,NA,0.1,NA,NA,0.1,NA,NA,0.1,NA,NA,0.1,NA,NA,0.1,NA,NA,-0.13301376,-0.22681122,23.33,20.4,0.2718885,0.6007142,0.7121979,0.6169949,0.6643783,0.6148719,"26.54456","25.72747","24.71939","23.18151","27.16789","26.41567","25.48118","23.37226",0.961,0.958,1,1,1,2016
2016-02-01,28.5280936,8.0431438,NA,1.2660693,0.1,2.190301,-3.0866241,0.1,0.1,0,0.1,0.1,0,5.9528428,6.370903,-0.06787233,0.1,0.1,0,0.1,0.1,0,0.1,0.1,0,0.1,0.1,0,0.5180602,0.9361204,-0.5916526,0.1,0.1,0,0.1,0.1,0,0.1,0.1,0,0.1,0.1,0,0.1,0.1,0,0.1,0.1,0,0.1,0.1,0,-0.05700327,-0.13301376,24.18,23.33,0.233665,0.2718885,0.7711128,0.7121979,0.6169949,0.6643783,"27.09128","26.54456","25.72747","24.71939","27.55766","27.16789","26.41567","25.48118",1.005,0.961,1,2,1,2016
2016-03-01,15.1501672,28.5280936,8.0431438,-0.6328778,5.3257525,0.1,3.9751391,0.1,0.1,0,0.1,0.1,0,0.1,5.9528428,-4.08645398,0.9361204,0.1,2.236574,0.1,0.1,0,4.6986622,0.1,3.84986292,2.190301,0.1,3.0866241,0.1,0.5180602,-1.6449213,0.1,0.1,0,0.1,0.1,0,0.1,0.1,0,0.1,0.1,0,0.1,0.1,0,0.1,0.1,0,0.1,0.1,0,-0.49955279,-0.05700327,23.62,24.18,0.4989556,0.233665,1.0118919,0.7711128,0.7121979,0.6169949,"27.21406","27.09128","26.54456","25.72747","27.57053","27.55766","27.16789","26.41567",1.005,1.005,1,3,1,2016
2016-04-01,37.3073579,15.1501672,28.5280936,0.901179,0.5180602,5.3257525,-2.3302178,2.190301,0.1,3.086624,2.6083612,0.1,3.2613072,1.3541806,0.1,2.60578164,0.1,0.9361204,-2.236574,0.1,0.1,0,5.1167224,4.6986622,0.08523625,1.7722408,2.190301,-0.2117942,0.5180602,0.1,1.6449213,2.190301,0.1,3.086624,0.1,0.1,0,0.1,0.1,0,0.1,0.1,0,0.1,0.1,0,0.1,0.1,0,0.1,0.1,0,-0.08688385,-0.49955279,22.36,23.62,0.3528895,0.4989556,0.9693461,1.0118919,0.7711128,0.7121979,"26.15925","27.21406","27.09128","26.54456","26.73667","27.57053","27.55766","27.16789",1.03,1.005,1,4,2,2016
2016-05-01,0.1,37.3073579,15.1501672,-5.9217757,0.1,0.5180602,-1.6449213,0.1,2.190301,-3.086624,0.1,2.6083612,-3.2613072,0.1,1.3541806,-2.60578164,0.1,0.1,0,0.1,0.1,0,4.280602,5.1167224,-0.17842042,0.1,1.7722408,-2.8748298,0.9361204,0.5180602,0.5916526,0.1,2.190301,-3.086624,0.1,0.1,0,0.1,0.1,0,0.1,0.1,0,0.1,0.1,0,0.1,0.1,0,0.1,0.1,0,0.02726711,-0.08688385,21.11,22.36,0.5502047,0.3528895,0.908111,0.9693461,1.0118919,0.7711128,"25.29991","26.15925","27.21406","27.09128","25.84630","26.73667","27.57053","27.55766",1.146,1.03,1,5,2,2016
2016-06-01,0.1,0.1,37.3073579,0,0.1,0.1,0,0.1,0.1,0,0.1,0.1,0,0.1,0.1,0,0.1,0.1,0,0.1,0.1,0,0.1,4.280602,-3.75667875,0.1,0.1,0,0.1,0.9361204,-2.2365739,0.1,0.1,0,0.1,0.1,0,0.1,0.1,0,0.1,0.1,0,0.1,0.1,0,0.1,0.1,0,0.1,0.1,0,-0.16114947,0.02726711,20.21,21.11,0.6647059,0.5502047,0.9695479,0.908111,0.9693461,1.0118919,"23.17604","25.29991","26.15925","27.21406","24.26599","25.84630","26.73667","27.57053",1.121,1.146,0,6,2,2016
2016-07-01,NA,0.1,0.1,NA,NA,0.1,NA,NA,0.1,NA,NA,0.1,NA,NA,0.1,NA,NA,0.1,NA,NA,0.1,NA,NA,0.1,NA,NA,0.1,NA,NA,0.1,NA,NA,0.1,NA,NA,0.1,NA,NA,0.1,NA,NA,0.1,NA,NA,0.1,NA,NA,0.1,NA,NA,0.1,NA,-0.11128692,-0.16114947,19.39,20.21,0.3657492,0.6647059,0.9216119,0.9695479,0.908111,0.9693461,"22.00911","23.17604","25.29991","26.15925","23.48639","24.26599","25.84630","26.73667",1.094,1.121,0,7,3,2016
2016-08-01,0.1,NA,0.1,NA,0.1,NA,NA,0.1,NA,NA,0.1,NA,NA,0.1,NA,NA,0.1,NA,NA,0.1,NA,NA,0.1,NA,NA,0.1,NA,NA,0.1,NA,NA,0.1,NA,NA,0.1,NA,NA,0.1,NA,NA,0.1,NA,NA,0.1,NA,NA,0.1,NA,NA,0.1,NA,NA,-0.1072843,-0.11128692,18.82,19.39,0.4969986,0.3657492,0.7661211,0.9216119,0.9695479,0.908111,"22.03073","22.00911","23.17604","25.29991","22.81365","23.48639","24.26599","25.84630",1.015,1.094,0,8,3,2016
2016-09-01,NA,0.1,NA,NA,NA,0.1,NA,NA,0.1,NA,NA,0.1,NA,NA,0.1,NA,NA,0.1,NA,NA,0.1,NA,NA,0.1,NA,NA,0.1,NA,NA,0.1,NA,NA,0.1,NA,NA,0.1,NA,NA,0.1,NA,NA,0.1,NA,NA,0.1,NA,NA,0.1,NA,NA,0.1,NA,NA,-0.1072843,19.21,18.82,1.857333,0.4969986,0.6789111,0.7661211,0.9216119,0.9695479,"22.44655","22.03073","22.00911","23.17604","23.35500","22.81365","23.48639","24.26599",1.039,1.015,0,9,3,2016
2016-10-01,NA,NA,0.1,NA,NA,NA,NA,NA,NA,NA,NA,NA,NA,NA,NA,NA,NA,NA,NA,NA,NA,NA,NA,NA,NA,NA,NA,NA,NA,NA,NA,NA,NA,NA,NA,NA,NA,NA,NA,NA,NA,NA,NA,NA,NA,NA,NA,NA,NA,NA,NA,NA,NA,NA,19.83,19.21,0.4911857,1.857333,0.6756793,0.6789111,0.7661211,0.9216119,"23.37025","22.44655","22.03073","22.00911","24.66339","23.35500","22.81365","23.48639",1.07,1.039,0,10,4,2016
2016-11-01,NA,NA,NA,NA,NA,NA,NA,NA,NA,NA,NA,NA,NA,NA,NA,NA,NA,NA,NA,NA,NA,NA,NA,NA,NA,NA,NA,NA,NA,NA,NA,NA,NA,NA,NA,NA,NA,NA,NA,NA,NA,NA,NA,NA,NA,NA,NA,NA,NA,NA,NA,NA,NA,NA,20.62,19.83,0.3273493,0.4911857,0.7157607,0.6756793,0.6789111,0.7661211,"24.85607","23.37025","22.44655","22.03073","25.67916","24.66339","23.35500","22.81365",1.06,1.07,0,11,4,2016
2016-12-01,NA,NA,NA,NA,NA,NA,NA,NA,NA,NA,NA,NA,NA,NA,NA,NA,NA,NA,NA,NA,NA,NA,NA,NA,NA,NA,NA,NA,NA,NA,NA,NA,NA,NA,NA,NA,NA,NA,NA,NA,NA,NA,NA,NA,NA,NA,NA,NA,NA,NA,NA,NA,NA,NA,21.44,20.62,0.2852071,0.3273493,0.7782771,0.7157607,0.6756793,0.6789111,"26.11388","24.85607","23.37025","22.44655","26.60605","25.67916","24.66339","23.35500",1.012,1.06,1,12,4,2016
2017-01-01,0.1,NA,NA,NA,0.1,NA,NA,0.1,NA,NA,0.1,NA,NA,0.1,NA,NA,0.1,NA,NA,0.1,NA,NA,0.1,NA,NA,0.1,NA,NA,0.1,NA,NA,0.1,NA,NA,0.1,NA,NA,0.1,NA,NA,0.1,NA,NA,0.1,NA,NA,0.1,NA,NA,0.1,NA,NA,NA,NA,22.58,21.44,0.2979826,0.2852071,0.6771955,0.7782771,0.7157607,0.6756793,"26.94372","26.11388","24.85607","23.37025","27.53158","26.60605","25.67916","24.66339",1.057,1.012,1,1,1,2017
2017-02-01,20.1668896,0.1,NA,5.3066272,1.3541806,0.1,2.6057816,0.1,0.1,0,0.1,0.1,0,0.1,0.1,0,0.1,0.1,0,0.1,0.1,0,0.1,0.1,0,0.1,0.1,0,0.1,0.1,0,0.1,0.1,0,0.1,0.1,0,0.1,0.1,0,0.1,0.1,0,0.1,0.1,0,0.1,0.1,0,0.1,0.1,0,NA,NA,23.28,22.58,0.3649076,0.2979826,0.7846936,0.6771955,0.7782771,0.7157607,"27.70812","26.94372","26.11388","24.85607","28.05759","27.53158","26.60605","25.67916",1.071,1.057,1,2,1,2017
2017-03-01,19.8881828,20.1668896,0.1,-0.0139164,0.1,1.3541806,-2.6057816,0.6574136,0.1,1.883143,0.1,0.1,0,0.1,0.1,0,0.1,0.1,0,0.1,0.1,0,0.3787068,0.1,1.33159211,0.1,0.1,0,0.9361204,0.1,2.2365739,0.1,0.1,0,0.1,0.1,0,0.3787068,0.1,1.331592,0.1,0.1,0,0.1,0.1,0,0.1,0.1,0,0.1,0.1,0,NA,NA,22.56,23.28,0.6282871,0.3649076,0.8794676,0.7846936,0.6771955,0.7782771,"27.75412","27.70812","26.94372","26.11388","28.34137","28.05759","27.53158","26.60605",1.011,1.071,1,3,1,2017
2017-04-01,2.190301,19.8881828,20.1668896,-2.2060867,0.1,0.1,0,0.1,0.6574136,-1.883143,0.1,0.1,0,0.1,0.1,0,0.1,0.1,0,0.1,0.1,0,0.5180602,0.3787068,0.31332916,0.1,0.1,0,0.1,0.9361204,-2.2365739,0.1,0.1,0,0.1,0.1,0,0.1,0.3787068,-1.331592,0.1,0.1,0,0.1,0.1,0,0.1,0.1,0,0.1,0.1,0,NA,NA,22.89,22.56,0.3491137,0.6282871,1.0569674,0.8794676,0.7846936,0.6771955,"26.01670","27.75412","27.70812","26.94372","26.52229","28.34137","28.05759","27.53158",1.047,1.011,1,4,2,2017
2017-05-01,0.1,2.190301,19.8881828,-3.0866241,0.1,0.1,0,0.1,0.1,0,0.1,0.1,0,0.1,0.1,0,0.1,0.1,0,0.1,0.1,0,0.1,0.5180602,-1.64492127,0.1,0.1,0,0.1,0.1,0,0.1,0.1,0,0.1,0.1,0,0.1,0.1,0,0.1,0.1,0,0.1,0.1,0,0.1,0.1,0,0.1,0.1,0,NA,NA,20.77,22.89,0.3778355,0.3491137,1.0087255,1.0569674,0.8794676,0.7846936,"24.18520","26.01670","27.75412","27.70812","24.90168","26.52229","28.34137","28.05759",1.089,1.047,1,5,2,2017
2017-06-01,NA,0.1,2.190301,NA,NA,0.1,NA,NA,0.1,NA,NA,0.1,NA,NA,0.1,NA,NA,0.1,NA,NA,0.1,NA,NA,0.1,NA,NA,0.1,NA,NA,0.1,NA,NA,0.1,NA,NA,0.1,NA,NA,0.1,NA,NA,0.1,NA,NA,0.1,NA,NA,0.1,NA,NA,0.1,NA,NA,NA,20.34,20.77,0.4347626,0.3778355,0.9147507,1.0087255,1.0569674,0.8794676,"22.98524","24.18520","26.01670","27.75412","23.61313","24.90168","26.52229","28.34137",1.031,1.089,0,6,2,2017
2017-07-01,NA,NA,0.1,NA,NA,NA,NA,NA,NA,NA,NA,NA,NA,NA,NA,NA,NA,NA,NA,NA,NA,NA,NA,NA,NA,NA,NA,NA,NA,NA,NA,NA,NA,NA,NA,NA,NA,NA,NA,NA,NA,NA,NA,NA,NA,NA,NA,NA,NA,NA,NA,NA,NA,NA,19.63,20.34,0.5115775,0.4347626,0.7710236,0.9147507,1.0087255,1.0569674,"22.36442","22.98524","24.18520","26.01670","23.23091","23.61313","24.90168","26.52229",1.022,1.031,0,7,3,2017
2017-08-01,NA,NA,NA,NA,NA,NA,NA,NA,NA,NA,NA,NA,NA,NA,NA,NA,NA,NA,NA,NA,NA,NA,NA,NA,NA,NA,NA,NA,NA,NA,NA,NA,NA,NA,NA,NA,NA,NA,NA,NA,NA,NA,NA,NA,NA,NA,NA,NA,NA,NA,NA,NA,NA,NA,18.57,19.63,0.418152,0.5115775,0.7565487,0.7710236,0.9147507,1.0087255,"22.50812","22.36442","22.98524","24.18520","22.77877","23.23091","23.61313","24.90168",1.056,1.022,0,8,3,2017
2017-09-01,NA,NA,NA,NA,NA,NA,NA,NA,NA,NA,NA,NA,NA,NA,NA,NA,NA,NA,NA,NA,NA,NA,NA,NA,NA,NA,NA,NA,NA,NA,NA,NA,NA,NA,NA,NA,NA,NA,NA,NA,NA,NA,NA,NA,NA,NA,NA,NA,NA,NA,NA,NA,NA,NA,18.74,18.57,0.6893081,0.418152,0.6821025,0.7565487,0.7710236,0.9147507,"22.53516","22.50812","22.36442","22.98524","22.89295","22.77877","23.23091","23.61313",1.006,1.056,0,9,3,2017
2017-10-01,NA,NA,NA,NA,NA,NA,NA,NA,NA,NA,NA,NA,NA,NA,NA,NA,NA,NA,NA,NA,NA,NA,NA,NA,NA,NA,NA,NA,NA,NA,NA,NA,NA,NA,NA,NA,NA,NA,NA,NA,NA,NA,NA,NA,NA,NA,NA,NA,NA,NA,NA,NA,NA,NA,19.6,18.74,0.9621956,0.6893081,0.7366247,0.6821025,0.7565487,0.7710236,"24.10791","22.53516","22.50812","22.36442","24.54538","22.89295","22.77877","23.23091",0.961,1.006,0,10,4,2017
2017-11-01,NA,NA,NA,NA,NA,NA,NA,NA,NA,NA,NA,NA,NA,NA,NA,NA,NA,NA,NA,NA,NA,NA,NA,NA,NA,NA,NA,NA,NA,NA,NA,NA,NA,NA,NA,NA,NA,NA,NA,NA,NA,NA,NA,NA,NA,NA,NA,NA,NA,NA,NA,NA,NA,NA,19.78,19.6,0.285363,0.9621956,0.6941027,0.7366247,0.6821025,0.7565487,"24.47388","24.10791","22.53516","22.50812","25.03467","24.54538","22.89295","22.77877",0.915,0.961,0,11,4,2017
2017-12-01,NA,NA,NA,NA,NA,NA,NA,NA,NA,NA,NA,NA,NA,NA,NA,NA,NA,NA,NA,NA,NA,NA,NA,NA,NA,NA,NA,NA,NA,NA,NA,NA,NA,NA,NA,NA,NA,NA,NA,NA,NA,NA,NA,NA,NA,NA,NA,NA,NA,NA,NA,NA,NA,NA,20.65,19.78,0.1302868,0.285363,0.6576204,0.6941027,0.7366247,0.6821025,"25.55732","24.47388","24.10791","22.53516","26.25029","25.03467","24.54538","22.89295",1.042,0.915,1,12,4,2017
2018-01-01,4.280602,NA,NA,NA,0.9361204,NA,NA,0.1,NA,NA,0.1,NA,NA,0.1,NA,NA,0.1,NA,NA,0.1,NA,NA,0.1,NA,NA,0.1,NA,NA,0.1,NA,NA,0.1,NA,NA,0.1,NA,NA,0.1,NA,NA,0.1,NA,NA,0.1,NA,NA,0.1,NA,NA,0.1,NA,NA,NA,NA,22.63,20.65,0.1873138,0.1302868,0.6411739,0.6576204,0.6941027,0.7366247,"26.98116","25.55732","24.47388","24.10791","26.91232","26.25029","25.03467","24.54538",1.023,1.042,1,1,1,2018
2018-02-01,39.3976589,4.280602,NA,2.2196127,0.6574136,0.9361204,-0.3534308,7.3463768,0.1,4.296792,0.3787068,0.1,1.3315921,0.1,0.1,0,0.3787068,0.1,1.331592,0.1,0.1,0,0.9361204,0.1,2.23657392,1.2148272,0.1,2.4971869,0.1,0.1,0,0.1,0.1,0,0.1,0.1,0,0.1,0.1,0,0.1,0.1,0,0.1,0.1,0,0.1,0.1,0,0.1,0.1,0,NA,NA,23.46,22.63,0.2113973,0.1873138,0.8321521,0.6411739,0.6576204,0.6941027,"26.95451","26.98116","25.55732","24.47388","27.36968","26.91232","26.25029","25.03467",1.018,1.023,1,2,1,2018
2018-03-01,17.6585284,39.3976589,4.280602,-0.8024875,0.1,0.6574136,-1.8831432,0.1,7.3463768,-4.296792,0.1,0.3787068,-1.3315921,0.1,0.1,0,0.1,0.3787068,-1.331592,0.1,0.1,0,0.1,0.9361204,-2.23657392,0.1,1.2148272,-2.4971869,0.1,0.1,0,0.1,0.1,0,0.1,0.1,0,0.1,0.1,0,0.1,0.1,0,0.1,0.1,0,0.1,0.1,0,0.1,0.1,0,NA,NA,23.79,23.46,0.2267459,0.2113973,0.7802638,0.8321521,0.6411739,0.6576204,"26.88951","26.95451","26.98116","25.55732","27.46197","27.36968","26.91232","26.25029",1.014,1.018,1,3,1,2018
2018-04-01,0.1,17.6585284,39.3976589,-5.173804,0.1,0.1,0,0.1,0.1,0,0.1,0.1,0,0.1,0.1,0,0.1,0.1,0,0.1,0.1,0,0.1,0.1,0,0.1,0.1,0,0.1,0.1,0,0.1,0.1,0,0.1,0.1,0,0.1,0.1,0,0.1,0.1,0,0.1,0.1,0,0.1,0.1,0,0.1,0.1,0,NA,NA,23,23.79,0.4494402,0.2267459,0.8727287,0.7802638,0.8321521,0.6411739,"26.11790","26.88951","26.95451","26.98116","26.36471","27.46197","27.36968","26.91232",1.02,1.014,1,4,2,2018
2018-05-01,1.3541806,0.1,17.6585284,2.6057816,0.1,0.1,0,0.1,0.1,0,0.1,0.1,0,0.1,0.1,0,0.1,0.1,0,0.1,0.1,0,0.1,0.1,0,0.1,0.1,0,0.1,0.1,0,0.1,0.1,0,0.1,0.1,0,0.1,0.1,0,0.1,0.1,0,0.1,0.1,0,0.1,0.1,0,0.1,0.1,0,NA,NA,19.83,23,0.4807523,0.4494402,0.992518,0.8727287,0.7802638,0.8321521,"24.72287","26.11790","26.88951","26.95451","25.06825","26.36471","27.46197","27.36968",1.036,1.02,1,5,2,2018
2018-06-01,0.1,1.3541806,0.1,-2.6057816,0.1,0.1,0,0.1,0.1,0,0.1,0.1,0,0.1,0.1,0,0.1,0.1,0,0.1,0.1,0,0.1,0.1,0,0.1,0.1,0,0.1,0.1,0,0.1,0.1,0,0.1,0.1,0,0.1,0.1,0,0.1,0.1,0,0.1,0.1,0,0.1,0.1,0,0.1,0.1,0,NA,NA,19.38,19.83,0.4205918,0.4807523,0.7789229,0.992518,0.8727287,0.7802638,"22.93769","24.72287","26.11790","26.88951","23.68207","25.06825","26.36471","27.46197",1.041,1.036,0,6,2,2018
NA,NA,0.1,1.3541806,NA,NA,0.1,NA,NA,0.1,NA,NA,0.1,NA,NA,0.1,NA,NA,0.1,NA,NA,0.1,NA,NA,0.1,NA,NA,0.1,NA,NA,0.1,NA,NA,0.1,NA,NA,0.1,NA,NA,0.1,NA,NA,0.1,NA,NA,0.1,NA,NA,0.1,NA,NA,0.1,NA,NA,NA,NA,NA,1.7679673,0.4205918,0.9479493,0.7789229,0.992518,0.8727287,NA,NA,NA,NA,NA,NA,NA,NA,NA,NA,0,NA,NA,NA
NA,0.1,NA,0.1,NA,0.1,NA,NA,0.1,NA,NA,0.1,NA,NA,0.1,NA,NA,0.1,NA,NA,0.1,NA,NA,0.1,NA,NA,0.1,NA,NA,0.1,NA,NA,0.1,NA,NA,0.1,NA,NA,0.1,NA,NA,0.1,NA,NA,0.1,NA,NA,0.1,NA,NA,0.1,NA,NA,NA,NA,NA,NA,0.8016723,1.7679673,0.6819478,0.9479493,0.7789229,0.992518,NA,NA,NA,NA,NA,NA,NA,NA,NA,NA,0,NA,NA,NA
NA,NA,NA,NA,NA,NA,NA,NA,NA,NA,NA,NA,NA,NA,NA,NA,NA,NA,NA,NA,NA,NA,NA,NA,NA,NA,NA,NA,NA,NA,NA,NA,NA,NA,NA,NA,NA,NA,NA,NA,NA,NA,NA,NA,NA,NA,NA,NA,NA,NA,NA,NA,NA,NA,NA,NA,NA,2.574058,0.8016723,0.6304067,0.6819478,0.9479493,0.7789229,NA,NA,NA,NA,NA,NA,NA,NA,NA,NA,0,NA,NA,NA
