date,Nabva,Nabva_1,Nabva_2,rabva,Nabwh,Nabwh_1,rabwh,Nacdu,Nacdu_1,racdu,Nabse,Nabse_1,rabse,Nabbe,Nabbe_1,rabbe,Npoco,Npoco_1,rpoco,Nstga,Nstga_1,rstga,Nactr,Nactr_1,ractr,Nacni,Nacni_1,racni,Nchau,Nchau_1,rchau,Nnaso,Nnaso_1,rnaso,Nladi,Nladi_1,rladi,Nnaun,Nnaun_1,rnaun,Nchfl,Nchfl_1,rchfl,Nthlu,Nthlu_1,rthlu,Nchvi,Nchvi_1,rchvi,Npoba,Npoba_1,rpoba,BRANv,BRANv_1,sst,sst_1,chla,chla_1,chla_SWAIN,chla_SWAIN_1,chla_SWAIN_2,chla_SWAIN_3,sst_OTIS,sst_OTIS_1,sst_OTIS_2,sst_OTIS_3,sst_SWAIN,sst_SWAIN_1,sst_SWAIN_2,sst_SWAIN_3,SL,SL_1,season,month,quarter,year,qt
2004-01-01,0.52918455,0.1,NA,1.6661670508151887,0.52918455,0.1,1.1300314,0.1,0.1,0,0.1,0.1,0,0.1,0.1,0,0.1,0.1,0,0.1,0.1,0,0.1,0.1,0,0.1,0.1,0,0.1,0.1,0,0.1,0.1,0,0.1,0.1,0,0.1,0.1,0,0.1,0.1,0,0.1,0.1,0,0.1,0.1,0,0.1,0.1,0,-0.1508436,-0.23471081,22.24,21.22,0.2773275,0.1539033,0.7610349,0.7183721,0.82461,0.6867576,26.87959,25.73047,24.40421,23.11445,27.62114,26.2789,25.04934,24.15385,0.963,0.918,1,1,1,2004,1
2004-02-01,19.9435055,0.52918455,0.1,3.6293215936683385,0.5180602,0.52918455,-0.011744450000000128,0.1,0.1,0,0.3090301,0.1,0.82246065,0.73265245,0.1,1.9513704600000001,0.1,0.1,0,0.1,0.1,0,0.1,0.1,0,0.1,0.1,0,0.31459224999999996,0.1,0.8330835,0.1,0.1,0,0.1,0.1,0,0.1,0.1,0,0.1,0.1,0,0.1,0.1,0,0.1,0.1,0,0.1,0.1,0,-0.32977241,-0.1508436,23.11,22.24,0.1177501,0.2773275,0.9985509,0.7610349,0.7183721,0.82461,28.02568,26.87959,25.73047,24.40421,28.45321,27.62114,26.2789,25.04934,0.971,0.963,1,2,1,2004,1
2004-03-01,1.27469535,19.9435055,0.52918455,-2.7501963426065537,0.1,0.5180602,-1.11828695,0.1,0.1,0,0.1,0.3090301,-0.82246065,0.1,0.73265245,-1.9513704600000001,0.1,0.1,0,0.1,0.1,0,0.1,0.1,0,0.1,0.1,0,0.20729615,0.31459224999999996,-0.2600299,0.1,0.1,0,0.1,0.1,0,0.1,0.1,0,0.1,0.1,0,0.1,0.1,0,0.1,0.1,0,0.1,0.1,0,-0.19641009,-0.32977241,23.19,23.11,0.1550526,0.1177501,1.0965648,0.9985509,0.7610349,0.7183721,27.08816,28.02568,26.87959,25.73047,27.89605,28.45321,27.62114,26.2789,0.95,0.971,1,3,1,2004,1
2004-04-01,0.8153076,1.27469535,19.9435055,-0.44689702251758134,0.1,0.1,0,0.1,0.1,0,0.1,0.1,0,0.1,0.1,0,0.1,0.1,0,0.1,0.1,0,0.1,0.1,0,0.1,0.1,0,0.6574136,0.20729615,0.6755398499999999,0.1,0.1,0,0.1,0.1,0,0.1,0.1,0,0.1,0.1,0,0.1,0.1,0,0.1,0.1,0,0.1,0.1,0,-0.07784568,-0.19641009,21.84,23.19,0.2186274,0.1550526,0.9917807,1.0965648,0.9985509,0.7610349,25.87846,27.08816,28.02568,26.87959,26.18006,27.89605,28.45321,27.62114,0.937,0.95,1,4,2,2004,2
2004-05-01,0.20729615,0.8153076,1.27469535,-1.3694170181959173,0.1,0.1,0,0.1,0.1,0,0.1,0.1,0,0.1,0.1,0,0.1,0.1,0,0.1,0.1,0,0.1,0.1,0,0.1,0.1,0,0.1,0.6574136,-1.24859345,0.1,0.1,0,0.1,0.1,0,0.1,0.1,0,0.1,0.1,0,0.1,0.1,0,0.1,0.1,0,0.1,0.1,0,0.05118893,-0.07784568,19.92,21.84,0.3780173,0.2186274,0.99728000000000006,0.9917807,1.0965648,0.9985509,24.35213,25.87846,27.08816,28.02568,24.93203,26.18006,27.89605,28.45321,1.078,0.937,1,5,2,2004,2
2004-06-01,0.1,0.20729615,0.8153076,-0.7289782611634749,0.1,0.1,0,0.1,0.1,0,0.1,0.1,0,0.1,0.1,0,0.1,0.1,0,0.1,0.1,0,0.1,0.1,0,0.1,0.1,0,0.1,0.1,0,0.1,0.1,0,0.1,0.1,0,0.1,0.1,0,0.1,0.1,0,0.1,0.1,0,0.1,0.1,0,0.1,0.1,0,-0.03981492,0.05118893,18.45,19.92,0.354041,0.3780173,0.8777119,0.99728000000000006,0.9917807,1.0965648,22.78483,24.35213,25.87846,27.08816,23.73794,24.93203,26.18006,27.89605,1.002,1.078,0,6,2,2004,2
2004-07-01,0.1,0.1,0.20729615,0,0.1,0.1,0,0.1,0.1,0,0.1,0.1,0,0.1,0.1,0,0.1,0.1,0,0.1,0.1,0,0.1,0.1,0,0.1,0.1,0,0.1,0.1,0,0.1,0.1,0,0.1,0.1,0,0.1,0.1,0,0.1,0.1,0,0.1,0.1,0,0.1,0.1,0,0.1,0.1,0,-0.13709854,-0.03981492,17.98,18.45,0.3941314,0.354041,0.7972091,0.8777119,0.99728000000000006,0.9917807,21.67957,22.78483,24.35213,25.87846,22.42859,23.73794,24.93203,26.18006,0.898,1.002,0,7,3,2004,3
2004-08-01,0.1,0.1,0.1,0,0.1,0.1,0,0.1,0.1,0,0.1,0.1,0,0.1,0.1,0,0.1,0.1,0,0.1,0.1,0,0.1,0.1,0,0.1,0.1,0,0.1,0.1,0,0.1,0.1,0,0.1,0.1,0,0.1,0.1,0,0.1,0.1,0,0.1,0.1,0,0.1,0.1,0,0.1,0.1,0,-0.22744507,-0.13709854,18.27,17.98,0.4621633,0.3941314,0.7377397,0.7972091,0.8777119,0.99728000000000006,21.83011,21.67957,22.78483,24.35213,22.12029,22.42859,23.73794,24.93203,0.961,0.898,0,8,3,2004,3
2004-09-01,0.1,0.1,0.1,0,0.1,0.1,0,0.1,0.1,0,0.1,0.1,0,0.1,0.1,0,0.1,0.1,0,0.1,0.1,0,0.1,0.1,0,0.1,0.1,0,0.1,0.1,0,0.1,0.1,0,0.1,0.1,0,0.1,0.1,0,0.1,0.1,0,0.1,0.1,0,0.1,0.1,0,0.1,0.1,0,-0.08362071,-0.22744507,18.38,18.27,0.8234547,0.4621633,0.6937547,0.7377397,0.7972091,0.8777119,21.65659,21.83011,21.67957,22.78483,22.1794,22.12029,22.42859,23.73794,0.886,0.961,0,9,3,2004,3
2004-10-01,0.1,0.1,0.1,0,0.1,0.1,0,0.1,0.1,0,0.1,0.1,0,0.1,0.1,0,0.1,0.1,0,0.1,0.1,0,0.1,0.1,0,0.1,0.1,0,0.1,0.1,0,0.1,0.1,0,0.1,0.1,0,0.1,0.1,0,0.1,0.1,0,0.1,0.1,0,0.1,0.1,0,0.1,0.1,0,-0.11844703,-0.08362071,18.93,18.38,0.5311495,0.8234547,0.7082012,0.6937547,0.7377397,0.7972091,22.98421,21.65659,21.83011,21.67957,23.76495,22.1794,22.12029,22.42859,0.916,0.886,0,10,4,2004,4
2005-01-01,0.84829185,0.52918455,NA,0.47188750251406264,0.1,0.1,0,0.1,0.1,0,0.52918455,0.1,1.1300314,0.1,0.1,0,0.1,0.1,0,0.1,0.1,0,0.1,0.1,0,0.1,0.1,0,0.1,0.1,0,0.1,0.1,0,0.1,0.1,0,0.1,0.1,0,0.1,0.1,0,0.1,0.1,0,0.1,0.1,0,0.1,0.1,0,-0.2040045,-0.22026147,22.54,20.61,0.143073,0.299275,0.8147732,0.8435448,0.7442637,0.7082012,26.36095,25.85605,24.42693,22.98421,27.16358,26.39932,25.30222,23.76495,0.915,0.957,1,1,1,2005,1
2005-02-01,5.67939915,0.84829185,0.52918455,1.9013759833516863,0.9583691000000001,0.1,1.449813895,0.1,0.1,0,1.6021459,0.52918455,0.587653955,0.1,0.1,0,0.3090301,0.1,0.8224605,0.1,0.1,0,0.1,0.1,0,0.1,0.1,0,0.1,0.1,0,0.1,0.1,0,0.1,0.1,0,0.1,0.1,0,0.1,0.1,0,0.1,0.1,0,0.1,0.1,0,0.1,0.1,0,-0.1200439,-0.2040045,22.1,22.54,0.2539505,0.143073,0.9991891,0.8147732,0.8435448,0.7442637,27.00553,26.36095,25.85605,24.42693,27.59133,27.16358,26.39932,25.30222,0.974,0.915,1,2,1,2005,1
2005-03-01,6.74957945,5.67939915,0.84829185,0.17263475555288643,0.85107295,0.9583691000000001,-0.06284938,0.1,0.1,0,2.99143355,1.6021459,1.10523223,0.1,0.1,0,0.1,0.3090301,-0.8224605,0.1,0.1,0,0.1,0.1,0,0.1,0.1,0,0.20729615,0.1,0.5730536,0.1,0.1,0,0.20729615,0.1,0.5730536,0.1,0.1,0,0.31459224999999996,0.1,0.8330835,0.1,0.1,0,0.1,0.1,0,0.1,0.1,0,-0.15173568,-0.1200439,22.72,22.1,0.1924399,0.2539505,0.9659781,0.9991891,0.8147732,0.8435448,26.71329,27.00553,26.36095,25.85605,27.19962,27.59133,27.16358,26.39932,0.974,0.974,1,3,1,2005,1
2005-04-01,0.6364807,6.74957945,5.67939915,-2.361281382758019,0.1,0.85107295,-1.386964515,0.1,0.1,0,0.7437768,2.99143355,-1.507853925,0.1,0.1,0,0.1,0.1,0,0.1,0.1,0,0.1,0.1,0,0.1,0.1,0,0.1,0.20729615,-0.5730536,0.1,0.1,0,0.1,0.20729615,-0.5730536,0.1,0.1,0,0.1,0.31459224999999996,-0.8330835,0.1,0.1,0,0.1,0.1,0,0.1,0.1,0,-0.26878589,-0.15173568,22.51,22.72,0.1854065,0.1924399,1.007305,0.9659781,0.9991891,0.8147732,25.72198,26.71329,27.00553,26.36095,26.17618,27.19962,27.59133,27.16358,0.886,0.974,1,4,2,2005,2
2005-05-01,0.1,0.6364807,6.74957945,-1.850783909475805,0.1,0.1,0,0.1,0.1,0,0.1,0.7437768,-1.31506366,0.1,0.1,0,0.1,0.1,0,0.1,0.1,0,0.1,0.1,0,0.1,0.1,0,0.1,0.1,0,0.1,0.1,0,0.1,0.1,0,0.1,0.1,0,0.1,0.1,0,0.1,0.1,0,0.1,0.1,0,0.1,0.1,0,-0.06034448,-0.26878589,20.55,22.51,0.3133879,0.1854065,1.0486954,1.007305,0.9659781,0.9991891,24.45753,25.72198,26.71329,27.00553,24.82808,26.17618,27.19962,27.59133,1.014,0.886,1,5,2,2005,2
2005-06-01,0.1,0.1,0.6364807,0,0.1,0.1,0,0.1,0.1,0,0.1,0.1,0,0.1,0.1,0,0.1,0.1,0,0.1,0.1,0,0.1,0.1,0,0.1,0.1,0,0.1,0.1,0,0.1,0.1,0,0.1,0.1,0,0.1,0.1,0,0.1,0.1,0,0.1,0.1,0,0.1,0.1,0,0.1,0.1,0,-0.16089123,-0.06034448,19.29,20.55,0.4220125,0.3133879,1.0117845,1.0486954,1.007305,0.9659781,23.22832,24.45753,25.72198,26.71329,24.03971,24.82808,26.17618,27.19962,1,1.014,0,6,2,2005,2
2005-07-01,0.1,0.1,0.1,0,0.1,0.1,0,0.1,0.1,0,0.1,0.1,0,0.1,0.1,0,0.1,0.1,0,0.1,0.1,0,0.1,0.1,0,0.1,0.1,0,0.1,0.1,0,0.1,0.1,0,0.1,0.1,0,0.1,0.1,0,0.1,0.1,0,0.1,0.1,0,0.1,0.1,0,0.1,0.1,0,-0.07182414,-0.16089123,18.14,19.29,0.3438958,0.4220125,0.8602956,1.0117845,1.0486954,1.007305,22.07931,23.22832,24.45753,25.72198,23.06612,24.03971,24.82808,26.17618,0.999,1,0,7,3,2005,3
2005-08-01,0.1,0.1,0.1,0,0.1,0.1,0,0.1,0.1,0,0.1,0.1,0,0.1,0.1,0,0.1,0.1,0,0.1,0.1,0,0.1,0.1,0,0.1,0.1,0,0.1,0.1,0,0.1,0.1,0,0.1,0.1,0,0.1,0.1,0,0.1,0.1,0,0.1,0.1,0,0.1,0.1,0,0.1,0.1,0,-0.05893594,-0.07182414,17.37,18.14,0.5606035,0.3438958,0.7706937,0.8602956,1.0117845,1.0486954,21.86936,22.07931,23.22832,24.45753,21.8249,23.06612,24.03971,24.82808,0.904,0.999,0,8,3,2005,3
2005-09-01,0.1,0.1,0.1,0,0.1,0.1,0,0.1,0.1,0,0.1,0.1,0,0.1,0.1,0,0.1,0.1,0,0.1,0.1,0,0.1,0.1,0,0.1,0.1,0,0.1,0.1,0,0.1,0.1,0,0.1,0.1,0,0.1,0.1,0,0.1,0.1,0,0.1,0.1,0,0.1,0.1,0,0.1,0.1,0,-0.29641688,-0.05893594,18.01,17.37,0.7260641,0.5606035,0.6127782,0.7706937,0.8602956,1.0117845,21.94769,21.86936,22.07931,23.22832,22.38228,21.8249,23.06612,24.03971,0.941,0.904,0,9,3,2005,3
2006-02-01,27.654921950000002,9.749923899999999,NA,1.0425442413171153,4.23727085,1.7972706,0.85662181,0.1,0.1,0,0.9528068999999999,0.41910729999999996,0.740306535,2.1163779,0.5208413,1.473898915,0.83160535,0.1,1.3746635,0.41910729999999996,0.1,1.3972177499999998,0.1,0.1,0,0.20451504999999998,0.1,0.56413425,0.52918455,0.1,1.1300314,0.1,0.1,0,0.31459224999999996,0.1,0.8330835,0.1,0.1,0,0.1,0.1,0,0.1,0.1,0,0.1,0.1,0,0.1,0.1,0,-0.31306684,-0.33113757,24.24,22.95,0.1416893,0.1597476,0.8346949,0.7587409,0.7587703,0.7786384,27.84325,27.96041,27.35938,25.27771,28.26473,28.10387,27.30671,25.86984,0.972,0.952,1,2,1,2006,1
2006-03-01,13.8231401,27.654921950000002,9.749923899999999,-0.6934597144555704,1.28614265,4.23727085,-1.1827639749999999,0.1,0.1,0,0.1,0.9528068999999999,-2.13752431,1.3742044500000001,2.1163779,-0.438244965,0.5180602,0.83160535,-0.2563765,0.353061,0.41910729999999996,-0.16304860000000002,0.1,0.1,0,0.1,0.20451504999999998,-0.56413425,0.1,0.52918455,-1.1300314,0.1,0.1,0,0.18583690000000003,0.31459224999999996,-0.33336755,0.1,0.1,0,0.1,0.1,0,0.1,0.1,0,0.1,0.1,0,0.1,0.1,0,-0.11249592,-0.31306684,22.97,24.24,0.1930695,0.1416893,0.9703712,0.8346949,0.7587409,0.7587703,26.69109,27.84325,27.96041,27.35938,26.78827,28.26473,28.10387,27.30671,0.948,0.972,1,3,1,2006,1
2006-04-01,10.22638695,13.8231401,27.654921950000002,-0.3013726709506692,1.47538215,1.28614265,0.135567835,0.1,0.1,0,0.1,0.1,0,0.1,1.3742044500000001,-2.60064785,0.1,0.5180602,-1.118287,0.5236223499999999,0.353061,0.42137495,0.1,0.1,0,0.20451504999999998,0.1,0.56413425,0.20451504999999998,0.1,0.56413425,0.1,0.1,0,0.1,0.18583690000000003,-0.499716,0.1,0.1,0,0.1,0.1,0,0.1,0.1,0,0.1,0.1,0,0.1,0.1,0,-0.01646826,-0.11249592,22.91,22.97,0.2367137,0.1930695,1.0453134,0.9703712,0.8346949,0.7587409,26.19854,26.69109,27.84325,27.96041,26.74725,26.78827,28.26473,28.10387,1.148,0.948,1,4,2,2006,2
2006-05-01,4.38511705,10.22638695,13.8231401,-0.8467550170215589,1.04063545,1.47538215,-1.19656531,0.1,0.1,0,0.1,0.1,0,0.1,0.1,0,0.1,0.1,0,0.4218884,0.5236223499999999,-0.65225875,0.1,0.1,0,0.1,0.20451504999999998,-0.56413425,0.1,0.20451504999999998,-0.56413425,0.1,0.1,0,0.1,0.1,0,0.1,0.1,0,0.1,0.1,0,0.1,0.1,0,0.1,0.1,0,0.1,0.1,0,-0.12965672,-0.01646826,20.79,22.91,0.3262518,0.2367137,0.8185164,1.0453134,0.9703712,0.8346949,24.68624,26.19854,26.69109,27.84325,25.18643,26.74725,26.78827,28.26473,1.028,1.148,1,5,2,2006,2
2006-06-01,0.1,4.38511705,10.22638695,-3.780801411734453,0.2393534,1.04063545,-0.82736575,0.1,0.1,0,0.1,0.1,0,0.1,0.1,0,0.1,0.1,0,0.1,0.4218884,-1.0032854,0.1,0.1,0,0.1,0.1,0,0.1,0.1,0,0.1,0.1,0,0.1,0.1,0,0.1,0.1,0,0.1,0.1,0,0.1,0.1,0,0.1,0.1,0,0.1,0.1,0,-0.28605235,-0.12965672,19.2,20.79,0.3293673,0.3262518,0.7470971,0.8185164,1.0453134,0.9703712,23.11642,24.68624,26.19854,26.69109,23.71698,25.18643,26.74725,26.78827,0.96,1.028,0,6,2,2006,2
2006-07-01,0.1,0.1,4.38511705,0,0.1,0.2393534,-0.66579605,0.1,0.1,0,0.1,0.1,0,0.1,0.1,0,0.1,0.1,0,0.1,0.1,0,0.1,0.1,0,0.1,0.1,0,0.1,0.1,0,0.1,0.1,0,0.1,0.1,0,0.1,0.1,0,0.1,0.1,0,0.1,0.1,0,0.1,0.1,0,0.1,0.1,0,-0.19828814,-0.28605235,18.96,19.2,0.6178151,0.3293673,0.9100728,0.7470971,0.8185164,1.0453134,22.18601,23.11642,24.68624,26.19854,22.517,23.71698,25.18643,26.74725,0.9,0.96,0,7,3,2006,3
2006-08-01,0.1,0.1,0.1,0,0.1,0.1,0,0.1,0.1,0,0.1,0.1,0,0.1,0.1,0,0.1,0.1,0,0.1,0.1,0,0.1,0.1,0,0.1,0.1,0,0.1,0.1,0,0.1,0.1,0,0.1,0.1,0,0.1,0.1,0,0.1,0.1,0,0.1,0.1,0,0.1,0.1,0,0.1,0.1,0,-0.1186231,-0.19828814,19.42,18.96,0.3056683,0.6178151,0.7720871,0.9100728,0.7470971,0.8185164,21.77962,22.18601,23.11642,24.68624,21.8175,22.517,23.71698,25.18643,0.917,0.9,0,8,3,2006,3
2007-01-01,0.2393534,0.1,NA,0.8727709348884525,0.1,0.1,0,0.1,0.1,0,0.1,0.1,0,0.1,0.1,0,0.1,0.1,0,0.1,0.1,0,0.1,0.1,0,0.1,0.1,0,0.1,0.1,0,0.1,0.1,0,0.1,0.1,0,0.1,0.1,0,0.1,0.1,0,0.1,0.1,0,0.1,0.1,0,0.1,0.1,0,-0.30262622,-0.29417497,20.81,20.8,1.1815137,0.5401999,0.7563586,0.7414111,0.6731251,0.5937893,25.62148,24.88355,23.54459,22.40321,26.72178,25.8106,24.52754,23.00684,0.912,0.856,1,1,1,2007,1
2007-02-01,34.482012499999996,0.2393534,0.1,4.970251969367162,6.93357975,0.1,3.992521095,0.1,0.1,0,3.2213965499999997,0.1,3.40161081,2.2310903,0.1,2.98880617,2.6417341,0.1,3.2739409999999998,0.1,0.1,0,0.1,0.1,0,0.1,0.1,0,0.1,0.1,0,0.1,0.1,0,0.1,0.1,0,0.1,0.1,0,0.1,0.1,0,0.24306149999999999,0.1,0.675493,0.1,0.1,0,0.1,0.1,0,-0.14743094,-0.30262622,22.85,20.81,0.2374625,1.1815137,0.8937323,0.7563586,0.7414111,0.6731251,26.5031,25.62148,24.88355,23.54459,26.72958,26.72178,25.8106,24.52754,0.881,0.912,1,2,1,2007,1
2007-03-01,37.440252,34.482012499999996,0.2393534,0.08230857109440176,2.3704437,6.93357975,-0.90044329,0.1,0.1,0,0.52547645,3.2213965499999997,-1.7830876299999998,0.24306149999999999,2.2310903,-2.3133132200000004,0.1,2.6417341,-3.2739409999999998,0.1,0.1,0,0.1,0.1,0,0.1,0.1,0,0.1,0.1,0,0.1,0.1,0,0.1,0.1,0,0.1,0.1,0,0.1,0.1,0,0.1,0.24306149999999999,-0.675493,0.1,0.1,0,0.1,0.1,0,-0.06670642,-0.14743094,23.27,22.85,0.3202023,0.2374625,0.7924916,0.8937323,0.7563586,0.7414111,26.85049,26.5031,25.62148,24.88355,27.12696,26.72958,26.72178,25.8106,1.038,0.881,1,3,1,2007,1
2007-04-01,3.9515366,37.440252,34.482012499999996,-2.248641866430519,1.17296135,2.3704437,-1.5362270249999999,0.1,0.1,0,0.1,0.52547645,-1.61852318,0.1,0.24306149999999999,-0.67549295,0.1,0.1,0,0.1,0.1,0,0.3090301,0.1,0.822460635,0.1,0.1,0,0.7437768,0.1,1.31506365,0.1,0.1,0,0.1,0.1,0,0.1,0.1,0,0.1,0.1,0,0.1,0.1,0,0.1,0.1,0,0.1,0.1,0,-0.26183706,-0.06670642,22.9,23.27,0.1745785,0.3202023,0.7700892,0.7924916,0.8937323,0.7563586,25.6037,26.85049,26.5031,25.62148,25.84632,27.12696,26.72958,26.72178,0.989,1.038,1,4,2,2007,2
2007-05-01,7.2960182,3.9515366,37.440252,0.6132242313610111,0.1,1.17296135,-1.555850775,0.1,0.1,0,0.1,0.1,0,0.1,0.1,0,0.1,0.1,0,0.1,0.1,0,0.1,0.3090301,-0.822460635,0.1,0.1,0,2.66398295,0.7437768,1.6943905999999997,0.1,0.1,0,0.1,0.1,0,0.1,0.1,0,0.52918455,0.1,1.1300315,0.1,0.1,0,0.1,0.1,0,0.1,0.1,0,-0.32462305,-0.26183706,20.87,22.9,0.3184025,0.1745785,1.0333733,0.7700892,0.7924916,0.8937323,24.81631,25.6037,26.85049,26.5031,25.03051,25.84632,27.12696,26.72958,1.039,0.989,1,5,2,2007,2
2007-06-01,0.1,7.2960182,3.9515366,-4.289913840280509,0.1,0.1,0,0.1,0.1,0,0.1,0.1,0,0.1,0.1,0,0.1,0.1,0,0.1,0.1,0,0.1,0.1,0,0.1,0.1,0,0.1,2.66398295,-3.00945425,0.1,0.1,0,0.1,0.1,0,0.1,0.1,0,0.1,0.52918455,-1.1300315,0.1,0.1,0,0.1,0.1,0,0.1,0.1,0,-0.19455551,-0.32462305,19.5,20.87,0.367542,0.3184025,0.8881472,1.0333733,0.7700892,0.7924916,23.48035,24.81631,25.6037,26.85049,23.86649,25.03051,25.84632,27.12696,1.105,1.039,0,6,2,2007,2
2007-10-01,0.1,0.1,NA,0,0.1,0.1,0,0.1,0.1,0,0.1,0.1,0,0.1,0.1,0,0.1,0.1,0,0.1,0.52918455,-1.1300314,0.1,0.1,0,0.1,0.1,0,0.1,0.1,0,0.1,0.1,0,0.1,0.1,0,0.1,0.1,0,0.1,0.1,0,0.1,0.1,0,0.1,0.1,0,0.1,0.1,0,-0.05606015,-0.14121853,19.1,18.17,0.2509616,0.4440639,0.7013572,0.7401146,0.6949648,0.9619133,23.09504,21.84002,21.39155,21.65023,23.98801,22.39741,22.24455,22.28509,0.981,0.937,0,10,4,2007,4
2008-01-01,9.705037749999999,0.31459224999999996,NA,3.4291230294788067,0.41354515,0.1,0.99194025,0.1,0.1,0,0.67224605,0.1,1.260656305,0.1,0.1,0,1.8767558500000001,0.1,1.799137,0.24306149999999999,0.1,0.67549295,0.24306149999999999,0.1,0.67549295,0.1,0.1,0,0.1,0.1,0,0.1,0.1,0,0.1,0.1,0,0.1,0.1,0,0.1,0.1,0,0.1,0.1,0,1.2444920000000002,0.1,1.5867265,0.1,0.1,0,-0.29156914,-0.09970162,23.43,20.92,0.1298236,0.3386999,0.8981254,0.7523816,0.7927964,0.7013572,26.28605,25.3151,24.36154,23.09504,27.11035,26.39699,25.38661,23.98801,0.951,0.948,1,1,1,2008,1
2008-02-01,15.400465050000001,9.705037749999999,0.31459224999999996,0.46175260065461843,0.7437768,0.41354515,0.3231234100000001,0.9583691000000001,0.1,1.4498139,1.38755365,0.67224605,0.382630985,0.3090301,0.1,0.822460635,0.1,1.8767558500000001,-1.799137,0.1,0.24306149999999999,-0.67549295,0.1,0.24306149999999999,-0.67549295,0.1,0.1,0,0.1,0.1,0,0.1,0.1,0,0.1,0.1,0,0.1,0.1,0,0.1,0.1,0,0.1,0.1,0,0.1,1.2444920000000002,-1.5867265,0.1,0.1,0,-0.18519428,-0.29156914,23.15,23.43,0.1777221,0.1298236,1.1497742,0.8981254,0.7523816,0.7927964,26.65354,26.28605,25.3151,24.36154,27.76413,27.11035,26.39699,25.38661,1.01,0.951,1,2,1,2008,1
2008-03-01,11.861307349999999,15.400465050000001,9.705037749999999,-0.2611160876492486,0.1,0.7437768,-1.31506366,0.31459224999999996,0.9583691000000001,-0.61673035,10.8439677,1.38755365,2.9571015349999996,0.73821465,0.3090301,1.1300314,0.1,0.1,0,0.1,0.1,0,0.1,0.1,0,0.1,0.1,0,0.1,0.1,0,0.1,0.1,0,0.1,0.1,0,0.1,0.1,0,0.1,0.1,0,0.1,0.1,0,0.1,0.1,0,0.1,0.1,0,-0.10032373,-0.18519428,22.12,23.15,0.2026109,0.1777221,0.9223062,1.1497742,0.8981254,0.7523816,25.59655,26.65354,26.28605,25.3151,26.38939,27.76413,27.11035,26.39699,0.967,1.01,1,3,1,2008,1
2008-04-01,18.66151405,11.861307349999999,15.400465050000001,0.45318171156086373,0.1,0.1,0,0.1,0.31459224999999996,-0.8330835,6.877958,10.8439677,-0.36956561,1.8167382,0.73821465,-0.17005838500000003,0.1,0.1,0,0.52918455,0.1,1.1300314,0.1,0.1,0,0.1,0.1,0,0.1,0.1,0,0.1,0.1,0,0.1,0.1,0,0.1,0.1,0,0.52918455,0.1,1.1300315,0.1,0.1,0,0.1,0.1,0,0.1,0.1,0,-0.02113994,-0.10032373,20.56,22.12,0.3698791,0.2026109,0.9253131,0.9223062,1.1497742,0.8981254,24.82662,25.59655,26.65354,26.28605,25.61084,26.38939,27.76413,27.11035,1.01,0.967,1,4,2,2008,2
2009-03-01,67.84620695000001,0.5180602,NA,4.874907308513718,2.85076435,0.5180602,2.22998329,0.1,0.1,0,0.1,0.1,0,0.31459224999999996,0.1,0.8330835,0.1,0.1,0,0.1,0.1,0,0.1,0.1,0,0.1,0.1,0,0.1,0.5180602,-1.11828695,0.1,0.1,0,0.1,0.1,0,0.1,0.1,0,0.1,0.1,0,0.1,0.1,0,0.1,0.1,0,0.1,0.1,0,-0.29936311,-0.18389392,22.35,22.56,0.4425492,0.3230121,1.4625527,0.9249038,0.8900645,0.8378989,26.07555,27.31434,26.38849,26.77454,26.34953,27.90681,27.82,27.34194,0.961,0.933,1,3,1,2009,1
2009-06-01,0.5180602,20.6183229,NA,-3.6838439688834277,0.1,0.1,0,0.1,0.1,0,0.1,0.52918455,-1.1300314,0.1,0.1,0,0.1,0.1,0,0.1,0.1,0,0.1,0.1,0,0.1,0.1,0,0.1,0.1,0,0.1,0.1,0,0.1,0.1,0,0.1,0.1,0,0.1,0.1,0,0.1,0.1,0,0.1,0.1,0,0.1,0.1,0,-0.20190342,-0.18613943,20,22.48,0.7174042,0.8571849,1.1196603999999999,1.2041973,2.1209748,1.4625527,23.12103,24.15751,25.7273,26.07555,23.60479,24.94579,26.29902,26.34953,1.044,1.036,0,6,2,2009,2
2009-07-01,0.1,0.5180602,20.6183229,-1.6449212657350265,0.1,0.1,0,0.1,0.1,0,0.1,0.1,0,0.1,0.1,0,0.1,0.1,0,0.1,0.1,0,0.1,0.1,0,0.1,0.1,0,0.1,0.1,0,0.1,0.1,0,0.1,0.1,0,0.1,0.1,0,0.1,0.1,0,0.1,0.1,0,0.1,0.1,0,0.1,0.1,0,-0.29415148,-0.20190342,18.24,20,0.5571201,0.7174042,0.8470552,1.1196603999999999,1.2041973,2.1209748,21.65039,23.12103,24.15751,25.7273,22.65652,23.60479,24.94579,26.29902,1.033,1.044,0,7,3,2009,3
2010-01-01,9.3446029,0.1,NA,4.537384039686774,1.7889272999999999,0.1,2.85837571,0.1,0.1,0,3.3188841,0.1,2.090090475,2.13306445,0.1,2.634373535,0.1,0.1,0,0.1,0.1,0,0.1,0.1,0,0.1,0.1,0,0.1,0.1,0,0.1,0.1,0,0.1,0.1,0,0.1,0.1,0,0.1,0.1,0,0.1,0.1,0,0.1,0.1,0,0.1,0.1,0,-0.27022967,-0.09588681,22.05,21.51,0.3755508,0.1814077,0.8086214,0.7613818,0.8042783,0.7808687,26.99541,26.23669,24.65149,23.385,27.52361,26.73567,25.34242,24.63505,0.955,0.958,1,1,1,2010,1
2010-02-01,20.55994995,9.3446029,0.1,0.7885460595527517,3.05608635,1.7889272999999999,0.536933725,0.38612304999999997,0.1,0.95272715,0.2393534,3.3188841,-1.4242944249999998,3.50010335,2.13306445,0.88744738,0.1,0.1,0,0.1,0.1,0,0.1,0.1,0,0.1,0.1,0,0.1,0.1,0,0.1,0.1,0,0.1,0.1,0,0.1,0.1,0,0.1,0.1,0,0.1,0.1,0,0.1,0.1,0,0.1,0.1,0,-0.32845879,-0.27022967,24.02,22.05,0.1389927,0.3755508,0.8228283,0.8086214,0.7613818,0.8042783,27.12786,26.99541,26.23669,24.65149,28.01034,27.52361,26.73567,25.34242,0.93,0.955,1,2,1,2010,1
2010-03-01,4.22058435,20.55994995,9.3446029,-1.5833714162198804,1.17296135,3.05608635,-1.83945866,0.1,0.38612304999999997,-0.95272715,0.31181119999999996,0.2393534,0.471391825,1.27469535,3.50010335,-1.1937222299999999,0.20451504999999998,0.1,0.564134,0.1,0.1,0,0.1,0.1,0,0.1,0.1,0,0.1,0.1,0,0.1,0.1,0,0.1,0.1,0,0.1,0.1,0,0.1,0.1,0,0.1,0.1,0,0.1,0.1,0,0.1,0.1,0,-0.1934756,-0.32845879,22.99,24.02,0.2756203,0.1389927,0.9399091,0.8228283,0.8086214,0.7613818,26.56647,27.12786,26.99541,26.23669,27.3612,28.01034,27.52361,26.73567,0.906,0.93,1,3,1,2010,1
2010-04-01,0.73265245,4.22058435,20.55994995,-1.7510574269041792,0.1,1.17296135,-1.555850775,0.1,0.1,0,0.1,0.31181119999999996,-1.137187875,0.31181119999999996,1.27469535,-1.190910785,0.1,0.20451504999999998,-0.564134,0.1,0.1,0,0.1,0.1,0,0.1,0.1,0,0.1,0.1,0,0.1,0.1,0,0.1,0.1,0,0.1,0.1,0,0.1,0.1,0,0.1,0.1,0,0.1,0.1,0,0.1,0.1,0,-0.1386362,-0.1934756,22.35,22.99,0.400822,0.2756203,1.3033375,0.9399091,0.8228283,0.8086214,26.02404,26.56647,27.12786,26.99541,26.62013,27.3612,28.01034,27.52361,0.967,0.906,1,4,2,2010,2
2010-05-01,4.6986622,0.73265245,4.22058435,1.8583616667795515,0.1,0.1,0,0.1,0.1,0,0.1,0.1,0,0.1,0.31181119999999996,-1.1371878500000001,0.1,0.1,0,0.1,0.1,0,0.1,0.1,0,0.1,0.1,0,0.1,0.1,0,0.1,0.1,0,0.1,0.1,0,0.1,0.1,0,0.1,0.1,0,0.1,0.1,0,0.1,0.1,0,0.1,0.1,0,-0.29523137,-0.1386362,23.12,22.35,0.510912,0.400822,1.0323078,1.3033375,0.9399091,0.8228283,24.90628,26.02404,26.56647,27.12786,25.43602,26.62013,27.3612,28.01034,1.108,0.967,1,5,2,2010,2
2010-06-01,0.1,4.6986622,0.73265245,-3.849862922895017,0.1,0.1,0,0.1,0.1,0,0.1,0.1,0,0.1,0.1,0,0.1,0.1,0,0.1,0.1,0,0.1,0.1,0,0.1,0.1,0,0.1,0.1,0,0.1,0.1,0,0.1,0.1,0,0.1,0.1,0,0.1,0.1,0,0.1,0.1,0,0.1,0.1,0,0.1,0.1,0,-0.05218665,-0.29523137,19.86,23.12,0.5253304,0.510912,0.8266902,1.0323078,1.3033375,0.9399091,23.29147,24.90628,26.02404,26.56647,24.06362,25.43602,26.62013,27.3612,1.091,1.108,0,6,2,2010,2
2010-07-01,0.1,0.1,4.6986622,0,0.1,0.1,0,0.1,0.1,0,0.1,0.1,0,0.1,0.1,0,0.1,0.1,0,0.1,0.1,0,0.1,0.1,0,0.1,0.1,0,0.1,0.1,0,0.1,0.1,0,0.1,0.1,0,0.1,0.1,0,0.1,0.1,0,0.1,0.1,0,0.1,0.1,0,0.1,0.1,0,-0.13844839,-0.05218665,18.14,19.86,0.4191291,0.5253304,0.7871057,0.8266902,1.0323078,1.3033375,22.71171,23.29147,24.90628,26.02404,23.01603,24.06362,25.43602,26.62013,0.979,1.091,0,7,3,2010,3
2010-08-01,0.1,0.1,0.1,0,0.1,0.1,0,0.1,0.1,0,0.1,0.1,0,0.1,0.1,0,0.1,0.1,0,0.1,0.1,0,0.1,0.1,0,0.1,0.1,0,0.1,0.1,0,0.1,0.1,0,0.1,0.1,0,0.1,0.1,0,0.1,0.1,0,0.1,0.1,0,0.1,0.1,0,0.1,0.1,0,-0.05873639,-0.13844839,17.36,18.14,0.5284049,0.4191291,0.7184766,0.7871057,0.8266902,1.0323078,22.64495,22.71171,23.29147,24.90628,23.05885,23.01603,24.06362,25.43602,1.038,0.979,0,8,3,2010,3
2011-01-01,2.7885039000000003,0.1,NA,3.3280903084419378,0.1,0.1,0,0.1,0.1,0,0.1,0.1,0,1.0754738000000001,0.1,1.51044351,0.1,0.1,0,0.1,0.1,0,0.1,0.1,0,0.1,0.1,0,0.1,0.1,0,0.1,0.1,0,0.1,0.1,0,0.1,0.1,0,0.1,0.1,0,0.1,0.1,0,0.1,0.1,0,0.1,0.1,0,-0.37025994,-0.09596898,23.86,19.55,0.3778992,1.7565262,0.7772157,0.5955373,0.6323375,0.6757834,26.9594,24.85541,24.16061,23.17742,27.68757,25.95423,25.08693,24.98207,0.966,0.981,1,1,1,2011,1
2011-02-01,4.63717925,2.7885039000000003,0.1,0.5086010456732075,5.24279835,0.1,3.23549119,0.1,0.1,0,0.1,0.1,0,5.4658834,1.0754738000000001,2.4905842600000003,0.1,0.1,0,0.1,0.1,0,0.1,0.1,0,0.1,0.1,0,0.1,0.1,0,0.1,0.1,0,0.1,0.1,0,0.1,0.1,0,0.1,0.1,0,0.1,0.1,0,0.1,0.1,0,0.1,0.1,0,-0.29281846,-0.37025994,24.12,23.86,0.1443253,0.3778992,1.0088501,0.7772157,0.5955373,0.6323375,27.21641,26.9594,24.85541,24.16061,27.56346,27.68757,25.95423,25.08693,1.02,0.966,1,2,1,2011,1
2011-03-01,1.7513079,4.63717925,2.7885039000000003,-0.973743380900058,0.20729615,5.24279835,-2.662437565,0.1,0.1,0,0.1,0.1,0,0.4218884,5.4658834,-2.9977423749999996,0.1,0.1,0,0.1,0.1,0,0.1,0.1,0,0.1,0.1,0,0.1,0.1,0,0.1,0.1,0,0.1,0.1,0,0.1,0.1,0,0.1,0.1,0,0.1,0.1,0,0.1,0.1,0,0.1,0.1,0,-0.13973956,-0.29281846,23.18,24.12,0.1853169,0.1443253,1.0219972,1.0088501,0.7772157,0.5955373,26.3308,27.21641,26.9594,24.85541,27.04701,27.56346,27.68757,25.95423,0.99,1.02,1,3,1,2011,1
2011-04-01,17.13945195,1.7513079,4.63717925,2.2810200575248984,4.74872175,0.20729615,3.2735155000000002,0.1,0.1,0,0.1,0.1,0,0.5236223499999999,0.4218884,0.652258735,0.1,0.1,0,0.1,0.1,0,0.1,0.1,0,0.1,0.1,0,0.1,0.1,0,0.1,0.1,0,0.1,0.1,0,0.1,0.1,0,0.1,0.1,0,0.1,0.1,0,0.1,0.1,0,0.1,0.1,0,-0.1842379,-0.13973956,23.27,23.18,0.2696231,0.1853169,1.1760668,1.0219972,1.0088501,0.7772157,25.31648,26.3308,27.21641,26.9594,25.92274,27.04701,27.56346,27.68757,1.062,0.99,1,4,2,2011,2
2011-05-01,0.3090301,17.13945195,1.7513079,-4.015699533571239,0.1,4.74872175,-3.8465691250000003,0.1,0.1,0,0.1,0.1,0,0.1,0.5236223499999999,-1.655544135,0.1,0.1,0,0.1,0.1,0,0.1,0.1,0,0.1,0.1,0,0.1,0.1,0,0.1,0.1,0,0.1,0.1,0,0.1,0.1,0,0.1,0.1,0,0.1,0.1,0,0.1,0.1,0,0.1,0.1,0,-0.15988177,-0.1842379,20.75,23.27,0.5213499,0.2696231,0.893452,1.1760668,1.0219972,1.0088501,23.83094,25.31648,26.3308,27.21641,24.44801,25.92274,27.04701,27.56346,1.113,1.062,1,5,2,2011,2
2011-06-01,0.1,0.3090301,17.13945195,-1.1282684971687467,0.1,0.1,0,0.1,0.1,0,0.1,0.1,0,0.1,0.1,0,0.1,0.1,0,0.1,0.1,0,0.1,0.1,0,0.1,0.1,0,0.1,0.1,0,0.1,0.1,0,0.1,0.1,0,0.1,0.1,0,0.1,0.1,0,0.1,0.1,0,0.1,0.1,0,0.1,0.1,0,-0.12079461,-0.15988177,19.62,20.75,0.4923314,0.5213499,0.8321607,0.893452,1.1760668,1.0219972,22.58577,23.83094,25.31648,26.3308,23.02822,24.44801,25.92274,27.04701,1.071,1.113,0,6,2,2011,2
2011-07-01,0.1,0.1,0.3090301,0,0.1,0.1,0,0.1,0.1,0,0.1,0.1,0,0.1,0.1,0,0.1,0.1,0,0.1,0.1,0,0.1,0.1,0,0.1,0.1,0,0.1,0.1,0,0.1,0.1,0,0.1,0.1,0,0.1,0.1,0,0.1,0.1,0,0.1,0.1,0,0.1,0.1,0,0.1,0.1,0,-0.25067434,-0.12079461,19.29,19.62,0.5420172,0.4923314,0.686399,0.8321607,0.893452,1.1760668,21.56213,22.58577,23.83094,25.31648,22.21323,23.02822,24.44801,25.92274,1.028,1.071,0,7,3,2011,3
2011-08-01,0.1,0.1,0.1,0,0.1,0.1,0,0.1,0.1,0,0.1,0.1,0,0.1,0.1,0,0.1,0.1,0,0.1,0.1,0,0.1,0.1,0,0.1,0.1,0,0.1,0.1,0,0.1,0.1,0,0.1,0.1,0,0.1,0.1,0,0.1,0.1,0,0.1,0.1,0,0.1,0.1,0,0.1,0.1,0,-0.12874116,-0.25067434,17.73,19.29,0.6369021,0.5420172,0.6914375,0.686399,0.8321607,0.893452,20.89681,21.56213,22.58577,23.83094,21.70174,22.21323,23.02822,24.44801,0.966,1.028,0,8,3,2011,3
2011-11-01,0.1,0.1,NA,0,0.1,0.1,0,0.1,0.1,0,0.1,0.1,0,0.1,0.1,0,0.1,0.1,0,0.1,0.1,0,0.1,0.1,0,0.1,0.1,0,0.1,0.1,0,0.1,0.1,0,0.1,0.1,0,0.1,0.1,0,0.1,0.1,0,0.1,0.1,0,0.1,0.1,0,0.1,0.1,0,-0.21659926,-0.22022626,19.53,18.6,0.3854769,1.5722537,0.6074333,0.7082999,0.6834432,0.6914375,24.28769,22.2978,21.59845,20.89681,25.11518,23.03357,21.83205,21.70174,0.984,0.939,0,11,4,2011,4
2012-02-01,23.30978725,20.52131375,NA,0.12740928486421396,2.8646698,4.87138865,-0.46727060000000004,0.1,0.1,0,0.41910729999999996,1.5046583500000001,-1.243257125,1.57433505,1.3578887,0.423697975,0.1,1.6328874,-1.7274915,0.1,0.1,0,0.1,0.3824149,-1.3412890050000001,0.20451504999999998,0.1,0.56413425,0.3090301,0.1,0.82246065,0.1,0.1,0,0.1,0.1,0,0.1,0.1,0,0.31181119999999996,0.1,1.1371875,0.1,0.1,0,0.1,0.1,0,0.1,0.1,0,-0.44563657,-0.29230863,22.62,22.48,0.2794192,0.1634844,0.8220814,0.7773302,0.6808662,0.6074333,27.05405,25.47197,25.0174,24.28769,27.86193,26.94081,26.28436,25.11518,0.976,0.961,1,2,1,2012,1
2012-03-01,7.28489385,23.30978725,20.52131375,-1.1630704575172541,0.5180602,2.8646698,-2.18678774,0.1,0.1,0,0.1,0.41910729999999996,-1.397217775,0.3090301,1.57433505,-1.850882805,0.1,0.1,0,0.1,0.1,0,0.1,0.1,0,0.5180602,0.20451504999999998,0.5541527,0.1,0.3090301,-0.82246065,0.1,0.1,0,0.1,0.1,0,0.1,0.1,0,0.1,0.31181119999999996,-1.1371875,0.1,0.1,0,0.1,0.1,0,0.1,0.1,0,-0.13858925,-0.44563657,21.69,22.62,0.4426426,0.2794192,1.0182822,0.8220814,0.7773302,0.6808662,25.92299,27.05405,25.47197,25.0174,27.05034,27.86193,26.94081,26.28436,1.016,0.976,1,3,1,2012,1
2012-04-01,22.65533465,7.28489385,23.30978725,1.1345924810789736,1.5854594,0.5180602,1.634417745,0.1,0.1,0,0.1,0.1,0,0.1,0.3090301,-0.822460635,0.1,0.1,0,0.1,0.1,0,0.1,0.1,0,0.1,0.5180602,-1.11828695,0.1,0.1,0,0.1,0.1,0,0.1,0.1,0,0.1,0.1,0,0.1,0.1,0,0.1,0.1,0,0.1,0.1,0,0.1,0.1,0,-0.13715723,-0.13858925,22.41,21.69,0.3781665,0.4426426,1.0223647,1.0182822,0.8220814,0.7773302,25.75383,25.92299,27.05405,25.47197,26.25393,27.05034,27.86193,26.94081,1.061,1.016,1,4,2,2012,2
2012-05-01,4.963314049999999,22.65533465,7.28489385,-1.5183216767211705,0.73821465,1.5854594,-0.8002126949999999,0.1,0.1,0,0.1,0.1,0,0.1,0.1,0,0.1,0.1,0,0.1,0.1,0,0.1,0.1,0,0.1,0.1,0,0.1,0.1,0,0.1,0.1,0,0.1,0.1,0,0.1,0.1,0,0.1,0.1,0,0.1,0.1,0,0.1,0.1,0,0.1,0.1,0,-0.27231902,-0.13715723,21.4,22.41,0.5688212,0.3781665,0.8338046,1.0223647,1.0182822,0.8220814,24.28184,25.75383,25.92299,27.05405,25.13933,26.25393,27.05034,27.86193,1.052,1.061,1,5,2,2012,2
2012-06-01,0.1,4.963314049999999,22.65533465,-3.904658765856482,0.1,0.73821465,-1.95249205,0.1,0.1,0,0.1,0.1,0,0.1,0.1,0,0.1,0.1,0,0.1,0.1,0,0.1,0.1,0,0.1,0.1,0,0.1,0.1,0,0.1,0.1,0,0.1,0.1,0,0.1,0.1,0,0.1,0.1,0,0.1,0.1,0,0.1,0.1,0,0.1,0.1,0,-0.09686105,-0.27231902,19.07,21.4,1.6569581,0.5688212,1.1342179,0.8338046,1.0223647,1.0182822,22.84018,24.28184,25.75383,25.92299,23.05929,25.13933,26.25393,27.05034,1.015,1.052,0,6,2,2012,2
2013-02-01,2.96230685,4.4236635,NA,-0.40099989291665256,0.1,0.24306149999999999,-0.675492935,0.1,0.1,0,0.2393534,0.1,0.66579605,0.1,0.1,0,0.1,0.1,0,0.1,0.1,0,0.2393534,0.1,0.665796055,0.1,0.1,0,0.45394565,0.1,1.4988795499999998,0.1,0.1,0,0.1,0.1,0,0.1,0.1,0,0.1,0.1,0,0.1,0.1,0,0.1,0.1,0,0.1,0.1,0,-0.18752961,-0.02551817,22.85,21.83,0.470503,0.2302527,0.6641876,0.7260306,0.7560187,0.6800292,26.84,26.77849,25.88472,24.17207,27.46216,27.34922,26.57687,24.9886,0.95,1.011,1,2,1,2013,1
2013-03-01,83.25118705,2.96230685,4.4236635,3.3358940815942444,19.523830500000003,0.1,5.25753028,0.1,0.1,0,2.2459227499999996,0.2393534,1.22537126,1.6955366,0.1,2.77491138,0.1,0.1,0,0.1,0.1,0,0.73543355,0.2393534,1.3294295950000001,0.1,0.1,0,0.8371675,0.45394565,0.55326455,0.1,0.1,0,0.1,0.1,0,0.1,0.1,0,0.20729615,0.1,0.5730535,0.1,0.1,0,0.1,0.1,0,0.1,0.1,0,-0.1167333,-0.18752961,24.34,22.85,0.5332482,0.470503,0.9709635,0.6641876,0.7260306,0.7560187,26.01762,26.84,26.77849,25.88472,26.59466,27.46216,27.34922,26.57687,1.049,0.95,1,3,1,2013,1
2013-04-01,43.32383625,83.25118705,2.96230685,-0.6531594133116423,3.70357125,19.523830500000003,-1.64810061,0.1,0.1,0,0.31459224999999996,2.2459227499999996,-1.058083785,1.3597427499999999,1.6955366,-0.39851579499999995,0.1,0.1,0,0.1,0.1,0,0.73821465,0.73543355,-0.042733615,0.1,0.1,0,0.31459224999999996,0.8371675,-1.2190606,0.1,0.1,0,0.1,0.1,0,0.1,0.1,0,0.1,0.20729615,-0.5730535,0.1,0.1,0,0.1,0.1,0,0.1,0.1,0,-0.07771656,-0.1167333,22.59,24.34,0.4006309,0.5332482,0.9715179,0.9709635,0.6641876,0.7260306,25.52694,26.01762,26.84,26.77849,26.03378,26.59466,27.46216,27.34922,1.141,1.049,1,4,2,2013,2
2013-05-01,7.020242,43.32383625,83.25118705,-1.8199052839280987,0.7270903000000001,3.70357125,-2.306538875,0.1,0.1,0,0.1,0.31459224999999996,-0.833083525,0.1,1.3597427499999999,-2.376395535,0.1,0.1,0,0.1,0.1,0,0.3090301,0.73821465,-1.1300314,0.1,0.1,0,0.7437768,0.31459224999999996,0.48198015,0.1,0.1,0,0.1,0.1,0,0.1,0.1,0,0.3090301,0.1,0.8224605,0.1,0.1,0,0.1,0.1,0,0.1,0.1,0,-0.15141876,-0.07771656,21.99,22.59,0.5634405,0.4006309,0.928118,0.9715179,0.9709635,0.6641876,24.45575,25.52694,26.01762,26.84,24.73288,26.03378,26.59466,27.46216,1.096,1.141,1,5,2,2013,2
2013-06-01,0.1,7.020242,43.32383625,-4.25138278337206,0.1,0.7270903000000001,-1.3028908,0.1,0.1,0,0.1,0.1,0,0.1,0.1,0,0.1,0.1,0,0.1,0.1,0,0.1,0.3090301,-0.822460635,0.1,0.1,0,0.1,0.7437768,-1.31506365,0.1,0.1,0,0.1,0.1,0,0.1,0.1,0,0.1,0.3090301,-0.8224605,0.1,0.1,0,0.1,0.1,0,0.1,0.1,0,-0.10139188,-0.15141876,19.81,21.99,0.2890064,0.5634405,0.8305008,0.928118,0.9715179,0.9709635,22.92028,24.45575,25.52694,26.01762,23.9399,24.73288,26.03378,26.59466,1.124,1.096,0,6,2,2013,2
2013-07-01,0.1,0.1,7.020242,0,0.1,0.1,0,0.1,0.1,0,0.1,0.1,0,0.1,0.1,0,0.1,0.1,0,0.1,0.1,0,0.1,0.1,0,0.1,0.1,0,0.1,0.1,0,0.1,0.1,0,0.1,0.1,0,0.1,0.1,0,0.1,0.1,0,0.1,0.1,0,0.1,0.1,0,0.1,0.1,0,-0.05677617,-0.10139188,18.49,19.81,0.5737634,0.2890064,0.7270464,0.8305008,0.928118,0.9715179,22.09533,22.92028,24.45575,25.52694,22.98985,23.9399,24.73288,26.03378,1.007,1.124,0,7,3,2013,3
2014-02-01,15.7944225,9.23213335,NA,0.5369667173968904,1.1014306,0.1,1.522942,0.1,0.1,0,0.24306149999999999,0.9361204000000001,-0.7619219650000001,0.1,0.1,0,0.2393534,0.2393534,0,0.1,0.1,0,0.1,0.1,0,0.1,0.1,0,0.1,0.1,0,0.1,0.1,0,0.1,0.1,0,0.1,0.1,0,0.1,0.1,0,0.1,0.1,0,0.1,0.1,0,0.1,0.1,0,-0.22794673,-0.33835638,20.93,21.57,0.3313517,0.5330126,0.9606379,0.7647669,0.7865817,0.7301439,26.36087,26.4728,25.88524,24.39708,26.86624,27.091919999999998,26.34575,25.23096,0.97,0.971,1,2,1,2014,1
2014-03-01,16.8610442,15.7944225,9.23213335,0.06534901284408016,2.7885039000000003,1.1014306,1.791423205,0.1,0.1,0,4.0241439,0.24306149999999999,2.84042601,2.4875484,0.1,3.133806655,0.1,0.2393534,-0.665796,0.1,0.1,0,0.796767,0.1,1.35186511,0.1,0.1,0,0.3787068,0.1,0.9415716,0.1,0.1,0,0.1,0.1,0,0.1,0.1,0,0.2393534,0.1,0.665796,0.1,0.1,0,0.1,0.1,0,0.1,0.1,0,-0.27647421,-0.22794673,22.94,20.93,0.3855548,0.3313517,0.6980438,0.9606379,0.7647669,0.7865817,26.32632,26.36087,26.4728,25.88524,26.51838,26.86624,27.091919999999998,26.34575,0.95,0.97,1,3,1,2014,1
2014-04-01,9.74875765,16.8610442,15.7944225,-0.5478660278482341,0.1,2.7885039000000003,-3.314365205,0.1,0.1,0,1.24966555,4.0241439,-1.927031395,1.57711615,2.4875484,-0.40958650500000005,0.1,0.1,0,0.1,0.1,0,0.74099575,0.796767,0.44332749000000005,0.1,0.1,0,2.22645515,0.3787068,2.1149607,0.1,0.1,0,0.1,0.1,0,0.1,0.1,0,0.20729615,0.2393534,-0.09274250000000006,0.1,0.1,0,0.1,0.1,0,0.1,0.1,0,-0.13160521,-0.27647421,23.42,22.94,0.3740839,0.3855548,0.903284,0.6980438,0.9606379,0.7647669,25.89167,26.32632,26.36087,26.4728,26.43364,26.51838,26.86624,27.091919999999998,1.024,0.95,1,4,2,2014,2
2014-05-01,25.7240401,9.74875765,16.8610442,0.970286110748693,0.1,0.1,0,0.1,0.1,0,0.1,1.24966555,-1.58888755,0.1,1.57711615,-2.72422015,0.1,0.1,0,0.1,0.1,0,0.1,0.74099575,-1.7951926,0.1,0.1,0,0.9583691000000001,2.22645515,-1.60671835,0.1,0.1,0,0.1,0.1,0,0.1,0.1,0,0.1,0.20729615,-0.5730535,0.1,0.1,0,0.1,0.1,0,0.1,0.1,0,-0.06870186,-0.13160521,22.74,23.42,0.3518062,0.3740839,1.287785,0.903284,0.6980438,0.9606379,24.50001,25.89167,26.32632,26.36087,25.07891,26.43364,26.51838,26.86624,1.095,1.024,1,5,2,2014,2
2014-08-01,0.1,0.1,NA,0,0.1,0.1,0,0.1,0.1,0,0.1,0.1,0,0.1,0.1,0,0.1,0.1,0,0.1,0.1,0,0.1,0.1,0,0.1,0.1,0,0.1,0.1,0,0.1,0.1,0,0.1,0.1,0,0.1,0.1,0,0.1,0.1,0,0.1,0.1,0,0.1,0.1,0,0.1,0.1,0,-0.13817842,0.040707,17.74,18.32,0.8309575,0.352474,0.6989164,0.7399701,1.0162617,1.287785,21.72197,22.20471,23.3608,24.50001,22.22778,22.78337,23.93454,25.07891,0.943,1.06,0,8,3,2014,3
2014-09-01,0.1,0.1,0.1,0,0.1,0.1,0,0.1,0.1,0,0.1,0.1,0,0.1,0.1,0,0.1,0.1,0,0.1,0.1,0,0.1,0.1,0,0.1,0.1,0,0.1,0.1,0,0.1,0.1,0,0.1,0.1,0,0.1,0.1,0,0.1,0.1,0,0.1,0.1,0,0.1,0.1,0,0.1,0.1,0,-0.07653103,-0.13817842,18.36,17.74,0.4579201,0.8309575,0.6401692,0.6989164,0.7399701,1.0162617,22.1284,21.72197,22.20471,23.3608,22.37619,22.22778,22.78337,23.93454,1,0.943,0,9,3,2014,3
2015-02-01,29.695791399999997,1.64030365,NA,2.8961239549274977,2.78479575,0.6574136,2.0761551149999997,0.1,0.1,0,0.1,0.1,0,1.2333678,0.1,2.48241436,0.1,0.1,0,0.1,0.1,0,0.2393534,0.1,0.665796055,0.1,0.1,0,0.1,0.1,0,0.1,0.1,0,0.1,0.1,0,0.1,0.1,0,0.3787068,0.1,0.9415715,0.1,0.1,0,0.1,0.1,0,0.5180602,0.1,1.118287,-0.47228056,-0.13772064,23.96,23.04,0.1739835,0.2246272,0.8719652,0.7509031,0.752392,0.7152151,26.97588,26.94392,26.28152,24.66998,27.47445,27.70095,26.78909,25.08714,0.959,1.003,1,2,1,2015,1
2015-03-01,46.2257123,29.695791399999997,1.64030365,0.4425308545009252,0.7711212000000001,2.78479575,-1.55400778,0.1,0.1,0,0.1,0.1,0,1.8870010499999998,1.2333678,0.39873457999999995,0.1,0.1,0,0.1,0.1,0,0.35528585,0.2393534,0.5702546350000001,0.1,0.1,0,0.1,0.1,0,0.1,0.1,0,0.1,0.1,0,0.1,0.1,0,0.1,0.3787068,-0.9415715,0.1,0.1,0,0.1,0.1,0,0.1,0.5180602,-1.118287,-0.28413907,-0.47228056,22.71,23.96,0.2633336,0.1739835,1.1103442,0.8719652,0.7509031,0.752392,27.27019,26.97588,26.94392,26.28152,27.32033,27.47445,27.70095,26.78909,1.067,0.959,1,3,1,2015,1
2015-04-01,8.11730615,46.2257123,29.695791399999997,-1.7395378423603185,0.6685379499999999,0.7711212000000001,0.025086665000000008,0.1,0.1,0,0.1,0.1,0,0.24306149999999999,1.8870010499999998,-2.20565599,0.1,0.1,0,0.1,0.1,0,0.2393534,0.35528585,-0.5702546350000001,0.1,0.1,0,0.24306149999999999,0.1,0.67549295,0.1,0.1,0,0.1,0.1,0,0.1,0.1,0,0.1,0.1,0,0.1,0.1,0,0.1,0.1,0,0.1,0.1,0,0.01343988,-0.28413907,21.12,22.71,0.787186,0.2633336,1.172969,1.1103442,0.8719652,0.7509031,25.99216,27.27019,26.97588,26.94392,26.71887,27.32033,27.47445,27.70095,1.062,1.067,1,4,2,2015,2
2015-05-01,1.3578887,8.11730615,46.2257123,-1.7880672771898236,0.1,0.6685379499999999,-1.79582745,0.1,0.1,0,0.1,0.1,0,0.1,0.24306149999999999,-0.67549295,0.1,0.1,0,0.1,0.1,0,0.1,0.2393534,-0.665796055,0.1,0.1,0,0.1,0.24306149999999999,-0.67549295,0.1,0.1,0,0.1,0.1,0,0.1,0.1,0,0.1,0.1,0,0.1,0.1,0,0.1,0.1,0,0.1,0.1,0,-0.13540828,0.01343988,20.52,21.12,1.7622399,0.787186,1.1730627,1.172969,1.1103442,0.8719652,24.64427,25.99216,27.27019,26.97588,25.30964,26.71887,27.32033,27.47445,1.128,1.062,1,5,2,2015,2
2015-06-01,0.3090301,1.3578887,8.11730615,-1.480247662840114,0.1,0.1,0,0.1,0.1,0,0.1,0.1,0,0.1,0.1,0,0.1,0.1,0,0.1,0.1,0,0.1,0.1,0,0.1,0.1,0,0.1,0.1,0,0.1,0.1,0,0.1,0.1,0,0.1,0.1,0,0.1,0.1,0,0.1,0.1,0,0.1,0.1,0,0.1,0.1,0,-0.13558435,-0.13540828,20.02,20.52,0.6349615,1.7622399,0.9922936,1.1730627,1.172969,1.1103442,23.30488,24.64427,25.99216,27.27019,23.93185,25.30964,26.71887,27.32033,1.046,1.128,0,6,2,2015,2
2015-07-01,0.1,0.3090301,1.3578887,-1.1282684971687467,0.1,0.1,0,0.1,0.1,0,0.1,0.1,0,0.1,0.1,0,0.1,0.1,0,0.1,0.1,0,0.1,0.1,0,0.1,0.1,0,0.1,0.1,0,0.1,0.1,0,0.1,0.1,0,0.1,0.1,0,0.1,0.1,0,0.1,0.1,0,0.1,0.1,0,0.1,0.1,0,-0.08494709,-0.13558435,18.41,20.02,0.4811246,0.6349615,0.8232063,0.9922936,1.1730627,1.172969,22.56066,23.30488,24.64427,25.99216,22.8649,23.93185,25.30964,26.71887,0.966,1.046,0,7,3,2015,3
2015-08-01,0.1,0.1,0.3090301,0,0.1,0.1,0,0.1,0.1,0,0.1,0.1,0,0.1,0.1,0,0.1,0.1,0,0.1,0.1,0,0.1,0.1,0,0.1,0.1,0,0.1,0.1,0,0.1,0.1,0,0.1,0.1,0,0.1,0.1,0,0.1,0.1,0,0.1,0.1,0,0.1,0.1,0,0.1,0.1,0,-0.1852943,-0.08494709,18.05,18.41,0.4659946,0.4811246,0.7358503,0.8232063,0.9922936,1.1730627,21.82325,22.56066,23.30488,24.64427,22.34356,22.8649,23.93185,25.30964,0.939,0.966,0,8,3,2015,3
2016-02-01,29.12091375,15.65955475,NA,0.6203753437668249,1.38755365,2.2181118499999997,-1.4558755349999999,0.1,1.6021459,-1.71768535,0.1,0.1,0,3.0264214,3.2354515,-0.033936165,0.1,0.1,0,0.1,0.1,0,0.31459224999999996,0.52918455,-0.29694785,0.1,0.1,0,0.3090301,0.5180602,-0.2958263,0.1,0.1,0,0.1,0.1,0,0.1,0.1,0,0.1,0.1,0,0.1,0.1,0,0.1,0.1,0,0.1,0.1,0,-0.05700327,-0.13301376,24.18,23.33,0.233665,0.2718885,0.7711128,0.7121979,0.6169949,0.6643783,27.09128,26.54456,25.72747,24.71939,27.55766,27.16789,26.41567,25.48118,1.005,0.961,1,2,1,2016,1
2016-03-01,10.736671600000001,29.12091375,15.65955475,-0.9977914674541298,3.1420608,1.38755365,1.47431366,0.1,0.1,0,0.1,0.1,0,0.4218884,3.0264214,-1.03994159,0.5180602,0.1,1.118287,0.1,0.1,0,2.3993311,0.31459224999999996,1.09184796,1.1451505,0.1,1.54331205,0.20729615,0.3090301,-0.24940704999999996,0.1,0.1,0,0.1,0.1,0,0.1,0.1,0,0.1,0.1,0,0.1,0.1,0,0.1,0.1,0,0.1,0.1,0,-0.49955279,-0.05700327,23.62,24.18,0.4989556,0.233665,1.0118919,0.7711128,0.7121979,0.6169949,27.21406,27.09128,26.54456,25.72747,27.57053,27.55766,27.16789,26.41567,1.005,1.005,1,3,1,2016,1
2016-04-01,32.8667691,10.736671600000001,29.12091375,1.118796955408959,1.59658375,3.1420608,-0.6518530099999998,1.1451505,0.1,1.543312,1.3541806,0.1,1.6306536,0.7270903000000001,0.4218884,0.29960542,0.1,0.5180602,-1.118287,0.1,0.1,0,3.0375457499999996,2.3993311,1.172649525,0.9361204000000001,1.1451505,-0.1058971,2.6695451,0.20729615,2.1871934,1.1451505,0.1,1.543312,0.1,0.1,0,0.1,0.1,0,0.31459224999999996,0.1,0.8330835,0.1,0.1,0,0.1,0.1,0,0.1,0.1,0,-0.08688385,-0.49955279,22.36,23.62,0.3528895,0.4989556,0.9693461,1.0118919,0.7711128,0.7121979,26.15925,27.21406,27.09128,26.54456,26.73667,27.57053,27.55766,27.16789,1.03,1.005,1,4,2,2016,2
2016-05-01,0.1,32.8667691,10.736671600000001,-5.795047182562529,0.1,1.59658375,-2.46574794,0.1,1.1451505,-1.543312,0.1,1.3541806,-1.6306536,0.1,0.7270903000000001,-1.30289082,0.1,0.1,0,0.1,0.1,0,2.190301,3.0375457499999996,-1.21924161,0.1,0.9361204000000001,-1.4374149,0.5180602,2.6695451,-1.6419600500000002,0.1,1.1451505,-1.543312,0.1,0.1,0,0.1,0.1,0,0.1,0.31459224999999996,-0.8330835,0.1,0.1,0,0.1,0.1,0,0.1,0.1,0,0.02726711,-0.08688385,21.11,22.36,0.5502047,0.3528895,0.908111,0.9693461,1.0118919,0.7711128,25.29991,26.15925,27.21406,27.09128,25.8463,26.73667,27.57053,27.55766,1.146,1.03,1,5,2,2016,2
2016-06-01,0.1,0.1,32.8667691,0,0.1,0.1,0,0.1,0.1,0,0.1,0.1,0,0.1,0.1,0,0.1,0.1,0,0.1,0.1,0,0.1,2.190301,-1.878339375,0.1,0.1,0,0.1,0.5180602,-1.11828695,0.1,0.1,0,0.1,0.1,0,0.1,0.1,0,0.1,0.1,0,0.1,0.1,0,0.1,0.1,0,0.1,0.1,0,-0.16114947,0.02726711,20.21,21.11,0.6647059,0.5502047,0.9695479,0.908111,0.9693461,1.0118919,23.17604,25.29991,26.15925,27.21406,24.26599,25.8463,26.73667,27.57053,1.121,1.146,0,6,2,2016,2
2017-02-01,33.9531873,0.1,NA,5.827567824771771,0.94168255,0.1,2.135974325,0.7437768,1.17296135,-0.2407871,0.1,0.1,0,0.31459224999999996,0.1,0.8330835,0.1,0.1,0,0.1,0.1,0,0.31459224999999996,0.1,0.8330835,0.1,0.1,0,0.52918455,0.1,1.1300314,0.1,0.9583691000000001,-1.449814,0.1,0.1,0,0.1,0.1,0,0.1,0.1,0,0.1,0.1,0,0.1,0.1,0,0.1,0.1,0,NA,NA,23.28,22.58,0.3649076,0.2979826,0.7846936,0.6771955,0.7782771,0.7157607,27.70812,26.94372,26.11388,24.85607,28.05759,27.53158,26.60605,25.67916,1.071,1.057,1,2,1,2017,1
2017-03-01,27.590657899999997,33.9531873,0.1,-0.20750549823660175,1.8167382,0.94168255,-0.35354067999999994,0.66482985000000006,0.7437768,0.57923495,0.1,0.1,0,0.1,0.31459224999999996,-0.8330835,0.1,0.1,0,0.1,0.1,0,0.2393534,0.31459224999999996,-0.16728744499999992,0.1,0.1,0,0.8041832499999999,0.52918455,0.9409827,0.1,0.1,0,0.1,0.1,0,0.2393534,0.1,0.665796,0.1,0.1,0,0.1,0.1,0,0.1,0.1,0,0.1,0.1,0,NA,NA,22.56,23.28,0.6282871,0.3649076,0.8794676,0.7846936,0.6771955,0.7782771,27.75412,27.70812,26.94372,26.11388,28.34137,28.05759,27.53158,26.60605,1.011,1.071,1,3,1,2017,1
2017-04-01,1.57433505,27.590657899999997,33.9531873,-2.863644240887209,0.1,1.8167382,-1.782433645,0.1,0.66482985000000006,-1.89429865,0.1,0.1,0,0.1,0.1,0,0.1,0.1,0,0.1,0.1,0,0.3090301,0.2393534,0.15666458,0.1,0.1,0,0.1,0.8041832499999999,-2.0710140999999997,0.1,0.1,0,0.1,0.1,0,0.1,0.2393534,-0.665796,0.1,0.1,0,0.1,0.1,0,0.1,0.1,0,0.1,0.1,0,NA,NA,22.89,22.56,0.3491137,0.6282871,1.0569674,0.8794676,0.7846936,0.6771955,26.0167,27.75412,27.70812,26.94372,26.52229,28.34137,28.05759,27.53158,1.047,1.011,1,4,2,2017,2
2017-05-01,0.1,1.57433505,27.590657899999997,-2.7564180856479603,0.1,0.1,0,0.1,0.1,0,0.1,0.1,0,0.1,0.1,0,0.1,0.1,0,0.1,0.1,0,0.1,0.3090301,-0.822460635,0.1,0.1,0,0.1,0.1,0,0.1,0.1,0,0.1,0.1,0,0.1,0.1,0,0.1,0.1,0,0.1,0.1,0,0.1,0.1,0,0.1,0.1,0,NA,NA,20.77,22.89,0.3778355,0.3491137,1.0087255,1.0569674,0.8794676,0.7846936,24.1852,26.0167,27.75412,27.70812,24.90168,26.52229,28.34137,28.05759,1.089,1.047,1,5,2,2017,2
